id1,id2,duration,time
0,25,0,732204.802211
0,25,0,732204.802315
1,1,1,732263.556123
1,5,15,732165.995775
1,5,22,732166.013345
1,5,24,732166.034306
1,5,7,732166.075324
1,5,20,732166.07559
1,5,7,732170.111991
1,5,7,732174.896736
1,5,11,732181.049387
1,5,7,732181.083472
1,5,6,732181.970938
1,5,8,732188.087731
1,5,8,732188.195868
1,5,15,732188.196227
1,5,0,732188.207037
1,5,22,732190.717674
1,5,27,732190.865382
1,5,7,732190.89191
1,5,12,732190.896146
1,5,13,732192.175683
1,5,34,732194.164687
1,5,7,732194.176944
1,5,0,732194.2114
1,5,6,732202.443322
1,5,18,732204.025648
1,5,7,732205.192917
1,5,6,732205.204583
1,5,49,732205.267049
1,5,27,732208.010741
1,5,59,732234.233854
1,5,109,732240.206933
1,5,37,732240.239838
1,5,42,732240.814201
1,5,10,732241.294109
1,5,11,732241.300544
1,5,16,732248.329699
1,5,73,732248.333403
1,5,7,732250.755301
1,5,6,732250.766794
1,5,9,732250.826806
1,5,250,732251.061817
1,5,0,732251.097963
1,5,25,732251.278704
1,5,54,732251.308947
1,5,3,732251.325486
1,5,4,732251.32875
1,5,11,732251.342014
1,5,70,732264.126875
1,5,17,732264.953044
1,5,0,732272.854456
1,5,88,732288.185058
1,5,12,732295.25081
1,5,111,732298.149132
1,5,74,732298.217801
1,5,10,732298.950313
1,5,128,732298.979757
1,5,330,732299.380336
1,5,7,732320.960729
1,5,28,732324.073646
1,5,5,732324.074444
1,5,4,732327.339317
1,5,24,732327.897257
1,5,6,732327.923553
1,5,7,732328.058738
1,5,6,732328.791505
1,5,179,732330.857905
1,5,19,732334.06919
1,5,7,732334.124757
1,5,303,732334.942361
1,5,244,732335.232975
1,5,13,732337.807616
1,5,199,732338.752558
1,5,51,732359.675012
1,5,18,732367.029479
1,5,7,732369.866644
1,5,0,732369.981227
1,5,0,732369.981377
1,5,76,732369.98272
1,5,6,732370.001597
1,5,39,732376.058032
1,5,151,732385.842836
1,5,6,732385.888576
1,5,33,732386.132454
1,5,47,732386.157373
1,5,28,732386.181933
1,5,28,732386.182558
1,5,26,732386.201632
1,5,46,732387.174051
1,5,185,732387.220521
1,5,14,732387.225579
1,5,95,732387.679606
1,5,77,732389.006597
1,5,112,732389.098079
1,5,32,732390.83728
1,5,28,732390.859711
1,5,0,732390.882407
1,5,7,732390.983819
1,5,25,732391.041053
1,5,26,732391.053854
1,5,20,732391.059236
1,5,7,732391.08147
1,5,7,732391.13787
1,5,158,732391.9639
1,5,0,732401.858692
1,5,8,732412.917442
1,5,42,732424.069144
1,5,49,732424.111227
1,5,6,732424.139005
1,5,7,732424.986366
1,5,48,732426.652708
1,5,20,732426.669282
1,5,39,732428.866065
1,5,18,732432.672523
1,5,5,732434.867477
1,9,0,732171.878623
1,9,115,732186.324942
1,9,23,732187.236563
1,9,40,732192.225336
1,9,81,732202.269907
1,9,273,732202.765012
1,9,54,732202.773032
1,9,432,732202.826296
1,9,0,732279.918102
1,9,26,732279.918877
1,9,40,732284.760035
1,9,45,732285.091678
1,9,103,732285.749815
1,9,49,732295.876667
1,9,72,732300.97765
1,9,0,732315.743484
1,9,58,732315.746655
1,9,47,732323.787801
1,9,32,732364.037882
1,9,42,732389.003414
1,9,134,732389.100197
1,9,2,732391.181759
1,9,14,732436.795648
1,11,0,732267.793507
1,19,48,732162.822095
1,19,19,732165.999988
1,19,41,732166.035683
1,19,69,732166.054606
1,19,56,732166.079514
1,19,18,732166.697558
1,19,9,732169.973831
1,19,15,732176.014815
1,19,27,732179.07919
1,19,17,732179.818495
1,19,17,732179.819236
1,19,18,732182.010856
1,19,12,732183.145556
1,19,27,732190.72103
1,19,19,732190.780324
1,19,18,732190.790625
1,19,219,732197.997616
1,19,61,732202.268021
1,19,13,732202.277697
1,19,13,732205.193634
1,19,7,732205.204954
1,19,0,732210.215394
1,19,13,732210.215984
1,19,30,732234.263241
1,19,25,732236.251458
1,19,8,732241.299942
1,19,23,732242.119491
1,19,45,732242.205544
1,19,7,732248.32897
1,19,29,732248.334861
1,19,9,732248.367951
1,19,47,732248.37441
1,19,24,732250.255266
1,19,25,732250.76765
1,19,0,732250.804722
1,19,70,732250.805197
1,19,46,732251.28265
1,19,0,732251.767326
1,19,9,732264.128299
1,19,29,732278.087245
1,19,76,732278.134572
1,19,8,732282.903345
1,19,10,732282.93272
1,19,0,732283.403553
1,19,8,732298.950764
1,19,76,732299.017998
1,19,15,732320.089919
1,19,49,732369.981771
1,19,25,732380.099387
1,19,134,732389.004317
1,19,35,732389.097384
1,19,68,732389.102176
1,19,6,732390.609711
1,19,19,732390.681644
1,19,53,732390.743449
1,19,24,732390.783947
1,19,32,732390.789225
1,19,2,732390.794491
1,19,0,732390.79713
1,19,99,732390.940301
1,19,0,732391.041458
1,19,104,732391.052488
1,19,187,732391.085752
1,19,52,732391.120995
1,19,7,732393.984618
1,19,19,732402.089688
1,19,166,732412.732303
1,19,23,732423.921505
1,19,88,732424.070185
1,19,0,732427.88265
1,19,8,732430.768738
1,19,120,732435.138125
1,26,14,732241.0075
1,26,25,732241.158079
1,49,0,732184.886227
1,65,0,732288.736262
1,89,32,732252.921354
1,89,79,732297.854375
1,89,20,732298.819248
1,89,35,732415.071157
1,89,37,732415.071493
1,89,7,732430.027731
1,89,335,732434.741748
1,91,10,732166.934826
1,91,5,732177.853218
1,91,52,732177.935903
2,2,0,732264.938519
2,5,21,732187.795289
2,5,19,732251.568218
2,5,7,732255.160856
2,19,0,732172.95919
2,19,0,732172.959514
2,19,14,732187.786528
2,19,18,732187.787002
2,19,8,732200.829433
2,19,98,732201.140127
2,19,11,732202.714664
2,19,0,732202.717361
2,19,0,732202.717488
2,19,42,732214.083669
2,19,27,732214.098935
2,19,41,732241.081447
2,19,0,732241.119792
2,19,0,732241.174525
2,19,8,732241.197859
2,19,33,732251.567604
2,19,2,732252.68588
2,19,42,732253.114988
2,19,158,732253.9186
2,19,9,732253.957222
2,19,11,732253.960729
2,19,24,732254.714271
2,19,17,732254.748715
2,19,0,732254.759988
2,19,0,732255.150312
2,19,26,732255.158623
2,21,0,732277.696829
2,21,21,732295.213542
2,49,0,732151.001678
2,49,98,732151.00235
2,49,133,732157.077488
2,49,184,732157.630104
2,49,33,732158.943889
2,49,83,732158.944745
2,49,9,732159.000231
2,49,0,732168.684722
2,49,0,732168.684954
2,49,162,732198.101493
2,49,0,732200.829757
2,49,0,732200.83338
2,49,53,732228.667431
2,49,39,732246.992384
2,49,128,732266.112187
2,49,7,732273.958032
2,49,369,732274.124005
2,49,0,732274.194421
2,49,0,732274.620324
2,49,0,732274.620428
2,49,0,732277.843935
2,49,8,732283.826551
2,49,76,732283.830324
2,49,340,732283.831667
2,49,22,732298.713958
2,49,391,732300.860104
2,49,61,732300.978854
2,71,48,732278.678206
2,71,7,732278.694398
3,7,944,732205.266539
3,7,19,732207.798472
3,7,38,732212.929259
3,7,228,732217.197569
3,7,69,732246.053657
3,7,0,732246.1886
3,7,0,732246.188866
3,7,0,732246.189225
3,7,311,732246.190139
3,7,20,732247.838021
3,7,55,732249.22713
3,7,471,732250.757488
3,7,10,732251.065521
3,7,82,732251.215914
3,7,36,732251.229826
3,7,190,732253.662454
3,7,0,732254.225718
3,7,129,732254.226227
3,7,28,732254.239144
3,7,64,732258.678495
3,7,102,732258.718437
3,7,31,732258.725822
3,7,8,732261.850787
3,7,59,732266.824294
3,7,40,732268.218912
3,7,0,732268.788125
3,7,12,732268.789259
3,7,0,732269.998449
3,7,359,732275.939572
3,7,38,732275.962523
3,7,23,732278.779988
3,7,8,732288.068137
3,7,7,732288.073056
3,7,39,732288.076088
3,7,9,732288.243831
3,9,410,732181.199213
3,9,134,732181.247315
3,9,140,732181.306562
3,9,78,732181.312523
3,9,189,732181.326319
3,9,43,732181.424907
3,12,27,732178.023102
3,12,11,732178.032338
3,12,363,732179.281597
3,12,129,732183.835127
3,12,16,732186.911424
3,12,59,732193.19985
3,12,0,732193.828299
3,12,25,732194.125394
3,12,465,732194.88831
3,12,55,732200.06897
3,12,350,732200.174468
3,12,260,732201.16125
3,12,0,732203.243102
3,12,435,732203.246123
3,12,25,732207.797836
3,12,28,732207.809248
3,12,415,732208.256331
3,12,120,732208.695613
3,12,9,732208.770764
3,12,311,732218.203113
3,12,26,732222.958935
3,12,166,732224.067141
3,12,830,732225.280417
3,12,51,732227.067859
3,12,66,732227.238067
3,12,64,732228.115706
3,12,228,732234.249838
3,12,362,732235.193657
3,12,0,732236.884606
3,12,25,732236.885231
3,12,139,732236.893889
3,12,0,732240.842477
3,12,27,732241.177477
3,12,8,732247.03941
3,12,8,732247.049572
3,12,28,732249.158264
3,12,23,732251.068287
3,12,85,732252.254583
3,12,83,732258.863275
3,12,7,732261.850567
3,12,16,732261.851296
3,12,1188,732263.250613
3,12,520,732265.009803
3,12,119,732269.99919
3,12,0,732270.07309
3,12,1,732270.074236
3,12,0,732270.074444
3,12,44,732271.196447
3,12,184,732274.945023
3,12,0,732282.279606
3,12,335,732283.194016
3,12,12,732284.789201
3,12,194,732285.725174
3,12,197,732286.731921
3,12,158,732288.068576
3,12,260,732292.154028
3,12,59,732295.081516
3,12,24,732297.141331
3,12,0,732297.141713
3,12,0,732297.142708
3,12,117,732297.142986
3,12,449,732300.874132
3,12,640,732302.974537
3,18,125,732179.812442
3,18,41,732184.168935
3,18,90,732184.184398
3,18,75,732184.207905
3,18,5,732186.097407
3,18,3,732186.220567
3,18,94,732194.155382
3,18,214,732196.866817
3,18,0,732197.066215
3,18,65,732197.067616
3,18,2,732201.914028
3,18,2,732201.980926
3,18,11,732202.157766
3,18,26,732202.158194
3,18,11,732222.134363
3,18,966,732227.249618
3,18,45,732257.087743
3,18,0,732263.048032
3,18,0,732274.876667
3,18,3,732304.846667
3,78,0,732245.706852
3,78,140,732250.121088
3,78,46,732250.12941
3,78,8,732250.161528
3,78,98,732251.157731
3,78,162,732251.309757
3,78,91,732251.364363
3,78,22,732256.275521
3,78,72,732257.909491
3,78,18,732257.95434
5,1,56,732205.482847
5,1,32,732207.745822
5,1,37,732207.869954
5,1,15,732207.889167
5,1,14,732235.175023
5,1,93,732236.007604
5,1,18,732236.036678
5,1,375,732236.302859
5,1,74,732238.243333
5,1,33,732240.080359
5,1,0,732240.113021
5,1,8,732240.113345
5,1,7,732241.1289
5,1,0,732241.197106
5,1,8,732241.197604
5,1,33,732241.207593
5,1,187,732244.266331
5,1,39,732250.989653
5,1,13,732251.022222
5,1,193,732251.226354
5,1,0,732259.805139
5,1,15,732264.134988
5,1,0,732264.951701
5,1,25,732285.885926
5,1,31,732289.867685
5,1,29,732292.346956
5,1,16,732295.250417
5,1,35,732296.040324
5,1,13,732298.227697
5,1,39,732298.23316
5,1,51,732298.244375
5,1,7,732298.250625
5,1,35,732298.280185
5,1,31,732299.344838
5,1,34,732300.218426
5,1,51,732300.219259
5,1,43,732318.207118
5,1,337,732318.216944
5,1,22,732318.22184
5,1,45,732325.236262
5,1,47,732328.974919
5,1,46,732330.73022
5,1,360,732330.735602
5,1,7,732336.880475
5,1,26,732336.885694
5,1,28,732342.826042
5,1,20,732366.976979
5,1,0,732366.978437
5,1,7,732366.999942
5,1,53,732367.033507
5,1,0,732369.858553
5,1,10,732369.859178
5,1,36,732369.861111
5,1,78,732369.906817
5,1,32,732374.948044
5,1,0,732377.096319
5,1,33,732377.117535
5,1,81,732377.125463
5,1,8,732382.595856
5,1,47,732382.653704
5,1,0,732385.908125
5,1,3,732385.908669
5,1,30,732386.175208
5,1,37,732386.176644
5,1,21,732386.182257
5,1,0,732386.808056
5,1,0,732386.934421
5,1,48,732386.934769
5,1,52,732391.934433
5,1,37,732394.833912
5,1,5,732399.72265
5,1,17,732399.722975
5,1,38,732399.723519
5,1,14,732410.746331
5,1,39,732411.126898
5,1,25,732415.001308
5,19,158,732152.033044
5,19,0,732152.114583
5,19,25,732156.732338
5,19,24,732156.814363
5,19,140,732157.811331
5,19,170,732157.820023
5,19,53,732157.864479
5,19,79,732157.916516
5,19,71,732157.926516
5,19,94,732157.946123
5,19,15,732158.167338
5,19,0,732158.167639
5,19,12,732178.867257
5,19,0,732185.599375
5,19,2114,732185.599907
5,19,29,732187.85978
5,19,180,732188.072824
5,19,204,732194.265127
5,19,55,732202.187894
5,19,37,732202.242986
5,19,32,732202.780752
5,19,53,732203.923542
5,19,7,732203.977014
5,19,19,732203.978785
5,19,13,732213.689086
5,19,14,732214.78831
5,19,59,732215.907106
5,19,42,732215.930012
5,19,0,732215.96309
5,19,103,732216.146979
5,19,33,732216.915648
5,19,104,732216.917384
5,19,8,732220.994074
5,19,53,732220.995162
5,19,10,732221.033125
5,19,178,732221.91434
5,19,0,732221.979954
5,19,31,732222.010046
5,19,43,732233.087523
5,19,43,732233.089884
5,19,19,732233.118241
5,19,113,732233.162963
5,19,13,732233.206586
5,19,40,732236.040949
5,19,30,732236.122616
5,19,170,732240.077928
5,19,178,732240.178843
5,19,454,732240.221181
5,19,0,732241.185579
5,19,24,732241.192998
5,19,9,732241.198148
5,19,0,732241.205417
5,19,0,732241.205729
5,19,0,732241.206481
5,19,19,732241.214387
5,19,0,732241.225775
5,19,17,732241.908669
5,19,85,732242.021586
5,19,8,732244.074236
5,19,31,732244.140035
5,19,78,732244.153113
5,19,454,732244.256481
5,19,782,732244.271007
5,19,57,732246.809792
5,19,93,732248.06338
5,19,70,732248.065
5,19,45,732248.070613
5,19,56,732250.948808
5,19,126,732250.990324
5,19,12,732251.010278
5,19,25,732251.188044
5,19,283,732251.22897
5,19,122,732251.267141
5,19,144,732251.645949
5,19,24,732251.712141
5,19,38,732251.930104
5,19,11,732251.940741
5,19,41,732255.897951
5,19,6,732257.261782
5,19,107,732258.173542
5,19,102,732258.23353
5,19,18,732258.295104
5,19,18,732258.295428
5,19,7,732258.295972
5,19,29,732263.137014
5,19,28,732264.127928
5,19,25,732265.189803
5,19,169,732282.305139
5,19,11,732283.395602
5,19,0,732286.932523
5,19,52,732286.934433
5,19,43,732298.135278
5,19,15,732298.219213
5,19,15,732298.243762
5,19,31,732299.345706
5,19,20,732299.8439
5,19,17,732299.928021
5,19,0,732299.945822
5,19,0,732308.978252
5,19,0,732308.978472
5,19,21,732309.018102
5,19,96,732312.765417
5,19,36,732312.789005
5,19,34,732313.266215
5,19,34,732313.32772
5,19,39,732313.417222
5,19,134,732314.281586
5,19,26,732318.206562
5,19,128,732318.290914
5,19,0,732318.295394
5,19,14,732318.295891
5,19,17,732325.23809
5,19,25,732334.946493
5,19,159,732335.950567
5,19,152,732336.880891
5,19,59,732336.886366
5,19,117,732341.919282
5,19,20,732342.842488
5,19,18,732344.977199
5,19,0,732344.993391
5,19,16,732345.001123
5,19,22,732345.004873
5,19,31,732348.089757
5,19,48,732348.093067
5,19,59,732348.229803
5,19,69,732349.817639
5,19,52,732349.942731
5,19,692,732350.050741
5,19,84,732353.975984
5,19,113,732363.819421
5,19,40,732364.051319
5,19,33,732366.9775
5,19,10,732367.129271
5,19,0,732368.99191
5,19,18,732368.993507
5,19,36,732369.181574
5,19,13,732369.844109
5,19,56,732369.865729
5,19,35,732370.163125
5,19,22,732371.979919
5,19,32,732376.914977
5,19,0,732377.093403
5,19,0,732377.099641
5,19,80,732377.113889
5,19,12,732382.152465
5,19,50,732384.958866
5,19,319,732384.971262
5,19,220,732387.647245
5,19,57,732391.935347
5,19,20,732394.850185
5,19,102,732396.047859
5,19,21,732396.210521
5,19,25,732397.798947
5,19,32,732397.853009
5,19,22,732397.855775
5,19,25,732397.88066
5,19,0,732397.884826
5,19,20,732398.1464
5,19,20,732398.394826
5,19,91,732410.942257
5,19,100,732410.965567
5,25,0,732239.986609
5,25,0,732240.91625
5,25,0,732240.916389
5,25,16,732240.917037
5,25,46,732240.91809
5,25,4,732248.001296
5,25,8,732249.85309
5,25,9,732275.90434
5,49,23,732237.787616
5,49,501,732237.958553
5,49,481,732237.982546
7,3,72,732201.118449
7,3,285,732202.726539
7,3,230,732202.774699
7,3,227,732205.109757
7,3,58,732208.828414
7,3,479,732212.807546
7,3,7,732217.045613
7,3,0,732224.653391
7,3,143,732241.169942
7,3,10,732245.928819
7,3,18,732248.075544
7,3,54,732249.076343
7,3,10,732249.11037
7,3,8,732250.613472
7,3,25,732250.631539
7,3,45,732250.911944
7,3,85,732251.079769
7,3,7,732251.104271
7,3,10,732251.109282
7,3,138,732254.046921
7,3,8,732258.600093
7,3,628,732265.059352
7,3,73,732268.054468
7,3,0,732271.025127
7,3,32,732271.025787
7,3,41,732275.06397
7,3,1180,732277.58875
7,3,286,732278.765359
7,3,34,732279.596331
7,3,26,732280.549965
7,3,27,732287.539097
7,3,8,732288.010509
7,3,37,732305.735706
7,3,8,732323.950683
7,3,9,732347.099815
7,3,939,732347.112847
7,3,5,732350.115787
7,3,7,732351.077986
7,3,6,732352.917002
7,3,135,732356.050602
7,3,105,732358.981632
7,3,8,732359.158495
7,3,9,732361.104769
7,3,4,732364.735243
7,3,8,732364.737072
7,3,7,732364.751806
7,3,14,732364.753414
7,3,118,732367.987951
7,9,0,732365.684792
7,9,16,732365.685799
7,12,0,732201.120139
7,12,23,732201.580637
7,12,17,732201.591389
7,12,11,732201.778032
7,12,80,732201.81713
7,12,81,732202.738391
7,12,9,732203.948056
7,12,0,732204.579005
7,12,19,732204.579525
7,12,23,732205.873299
7,12,180,732207.93463
7,12,28,732209.606204
7,12,9,732209.748264
7,12,35,732210.92162
7,12,12,732211.957257
7,12,31,732212.695509
7,12,7,732212.727951
7,12,55,732213.876134
7,12,1,732213.892014
7,12,8,732213.892199
7,12,7,732213.893519
7,12,24,732214.0311
7,12,0,732217.059838
7,12,0,732217.061134
7,12,165,732217.5186
7,12,13,732217.65544
7,12,17,732218.858993
7,12,131,732219.499271
7,12,65,732219.505058
7,12,20,732219.519062
7,12,197,732220.572523
7,12,537,732221.013241
7,12,11,732221.607824
7,12,0,732221.608507
7,12,28,732221.903194
7,12,163,732222.680116
7,12,65,732222.760995
7,12,11,732222.788438
7,12,7,732222.789005
7,12,57,732222.858021
7,12,74,732222.946262
7,12,11,732224.651447
7,12,9,732224.873194
7,12,23,732224.877662
7,12,14,732225.840984
7,12,28,732225.95331
7,12,45,732225.97309
7,12,9,732226.583148
7,12,15,732226.838738
7,12,40,732230.929537
7,12,91,732231.58985
7,12,15,732232.846181
7,12,83,732232.951609
7,12,8,732233.68103
7,12,59,732233.69206
7,12,59,732234.706655
7,12,93,732235.598148
7,12,33,732236.635116
7,12,9,732237.724954
7,12,29,732237.72838
7,12,8,732237.740382
7,12,55,732242.949329
7,12,3,732242.954525
7,12,157,732244.636204
7,12,28,732244.715683
7,12,9,732245.550035
7,12,63,732245.922627
7,12,7,732246.573576
7,12,7,732246.76441
7,12,0,732246.771366
7,12,0,732246.771505
7,12,49,732246.771852
7,12,23,732246.835521
7,12,7,732247.666181
7,12,103,732248.939965
7,12,82,732249.032257
7,12,63,732254.716296
7,12,9,732263.941042
7,12,47,732265.602812
7,12,24,732265.68066
7,12,58,732265.722315
7,12,80,732265.726296
7,12,47,732265.732326
7,12,39,732265.742569
7,12,29,732265.745556
7,12,58,732265.749074
7,12,26,732266.918623
7,12,45,732267.960683
7,12,34,732271.02397
7,12,34,732272.707546
7,12,12,732272.717627
7,12,0,732272.718287
7,12,19,732272.718426
7,12,51,732273.925868
7,12,7,732275.551887
7,12,246,732277.580278
7,12,11,732277.972072
7,12,0,732277.972384
7,12,43,732278.801308
7,12,3,732279.74625
7,12,7,732280.82809
7,12,59,732280.920266
7,12,150,732282.081632
7,12,44,732282.11272
7,12,10,732282.117257
7,12,49,732282.224884
7,12,243,732285.628287
7,12,88,732285.652766
7,12,111,732286.647083
7,12,20,732286.806586
7,12,334,732287.921551
7,12,60,732287.952083
7,12,27,732289.5639
7,12,8,732291.871331
7,12,7,732293.915845
7,12,26,732294.585845
7,12,39,732294.92728
7,12,8,732295.906632
7,12,7,732296.053299
7,12,12,732296.609664
7,12,39,732299.70162
7,12,114,732299.712512
7,12,36,732299.73235
7,12,54,732300.852616
7,12,9,732303.908032
7,12,11,732303.90919
7,12,54,732304.769051
7,12,30,732304.771192
7,12,7,732305.804919
7,12,0,732305.809005
7,12,7,732305.809606
7,12,0,732305.810012
7,12,17,732305.824873
7,12,53,732306.877373
7,12,14,732306.880058
7,12,35,732307.594468
7,12,10,732308.637419
7,12,9,732308.695937
7,12,0,732309.855625
7,12,134,732311.551771
7,12,9,732313.790498
7,12,11,732313.805266
7,12,200,732314.677731
7,12,0,732314.806308
7,12,47,732314.814641
7,12,96,732321.721562
7,12,8,732324.902477
7,12,107,732325.663345
7,12,31,732325.872176
7,12,37,732325.987002
7,12,12,732325.999722
7,12,2,732326.984259
7,12,7,732326.993229
7,12,26,732347.849676
7,12,77,732348.805532
7,12,1,732348.818426
7,12,58,732348.833414
7,12,35,732348.883368
7,12,8,732350.646042
7,12,7,732350.694722
7,12,0,732353.006424
7,12,7,732353.007245
7,12,0,732357.012813
7,12,6,732357.60787
7,12,84,732357.709676
7,12,0,732357.74037
7,12,42,732359.895324
7,12,62,732359.981065
7,12,21,732360.763484
7,12,127,732360.822882
7,12,13,732363.76765
7,12,14,732364.660856
7,12,88,732364.66706
7,12,58,732364.733333
7,12,62,732364.746782
7,12,39,732365.860845
7,12,101,732367.09875
7,12,52,732367.183206
7,12,53,732368.927153
7,12,51,732369.707847
7,12,17,732371.677813
7,12,27,732373.114942
7,12,6,732373.594896
7,12,9,732374.044144
7,12,68,732375.901319
7,12,30,732376.712454
7,12,31,732377.68566
7,12,6,732382.615706
7,12,6,732383.699051
7,12,13,732389.042558
7,12,0,732392.878044
7,22,16,732209.603137
7,22,9,732209.93191
7,22,87,732229.880127
7,22,8,732229.969491
7,22,62,732229.969896
7,22,9,732235.902257
7,22,142,732250.639873
7,22,0,732258.538519
7,22,190,732258.750949
7,22,38,732272.569931
7,22,229,732275.060197
7,22,65,732276.629398
7,22,0,732277.579352
7,22,201,732277.583507
7,22,7,732277.702303
7,22,44,732277.702604
7,22,108,732277.704144
7,22,8,732277.884016
7,22,9,732280.921331
7,22,48,732315.860718
7,22,113,732319.905799
7,22,163,732320.815336
7,22,40,732349.778021
7,22,8,732349.805764
7,22,36,732372.927558
7,22,31,732375.855255
7,22,12,732376.836771
8,2,0,732148.883495
8,2,0,732149.877766
8,2,105,732149.878183
8,2,58,732150.978819
8,2,0,732151.71794
8,2,23,732186.897303
8,2,43,732198.141794
8,2,78,732198.159178
8,2,35,732247.033275
8,5,503,732237.866528
8,5,27,732241.066134
8,5,27,732241.107049
8,5,7,732241.117326
8,5,11,732241.270775
8,19,27,732218.723032
8,19,21,732241.048322
8,19,122,732241.222593
8,19,71,732241.248762
8,19,36,732248.157917
8,19,10,732249.926632
9,1,152,732208.900278
9,1,32,732211.882674
9,1,15,732232.580417
9,1,7,732232.588449
9,1,468,732232.6614
9,1,922,732244.833796
9,1,0,732251.5436
9,1,24,732279.630417
9,1,39,732279.63169
9,1,158,732284.885139
9,1,140,732285.412303
9,1,6,732285.478588
9,1,15,732294.062963
9,1,12,732295.83081
9,1,10,732323.831134
9,1,44,732328.872812
9,1,22,732340.203623
9,1,34,732364.127025
9,1,23,732389.158993
9,1,40,732391.185694
9,1,7,732391.186609
9,1,151,732436.900394
9,1,53,732436.95316
9,9,74,732154.906053
9,9,73,732155.486597
9,9,42,732155.847326
9,9,45,732155.87794
9,9,16,732157.488067
9,9,36,732157.578912
9,9,0,732157.763414
9,9,15,732157.766308
9,9,69,732158.939977
9,9,0,732158.990463
9,9,53,732158.990914
9,9,28,732159.601088
9,9,12,732160.478079
9,9,15,732160.482303
9,9,10,732160.927581
9,9,43,732161.624491
9,9,58,732161.692407
9,9,1,732203.872373
9,9,1,732204.617269
9,9,1,732204.71265
9,9,29,732204.792627
9,9,43,732205.576285
9,9,91,732205.798773
9,9,1,732206.514618
9,9,3,732206.706979
9,9,19,732206.854375
9,9,57,732206.893738
9,9,85,732206.902454
9,9,45,732207.935197
9,9,3,732208.413623
9,9,24,732208.576273
9,9,2,732209.005046
9,9,19,732209.444896
9,9,1,732209.494595
9,9,84,732210.509734
9,9,82,732210.766539
9,9,9,732210.871806
9,9,0,732211.608299
9,9,35,732211.646412
9,9,70,732211.813611
9,9,23,732212.579931
9,9,113,732212.580359
9,9,3,732213.605069
9,9,0,732213.818993
9,9,90,732213.819294
9,9,80,732213.820602
9,9,4,732214.366655
9,9,12,732214.535498
9,9,3,732214.585231
9,9,18,732214.678796
9,9,19,732215.395197
9,9,12,732216.643484
9,9,96,732216.704213
9,9,2,732217.382963
9,9,67,732217.864352
9,9,32,732217.917778
9,9,27,732218.446505
9,9,32,732218.713738
9,9,107,732220.945266
9,9,106,732221.823762
9,9,34,732221.867604
9,9,79,732222.839421
9,9,2,732222.860093
9,9,0,732223.699028
9,9,49,732223.699201
9,9,0,732224.539109
9,9,50,732224.539271
9,9,13,732224.656817
9,9,36,732224.847187
9,9,82,732224.914259
9,9,7,732225.783831
9,9,69,732225.822604
9,9,19,732226.54419
9,9,2,732226.601042
9,9,85,732226.668611
9,9,53,732227.613171
9,9,56,732227.716794
9,9,29,732227.772743
9,9,22,732227.992986
9,9,142,732227.993461
9,9,156,732228.510764
9,9,19,732228.646563
9,9,20,732228.945937
9,9,13,732228.982002
9,9,21,732229.033414
9,9,8,732229.590185
9,9,123,732229.850949
9,9,27,732230.087095
9,9,9,732230.577755
9,9,8,732230.641227
9,9,54,732230.892569
9,9,71,732231.413148
9,9,140,732231.915671
9,9,0,732232.482569
9,9,31,732232.483634
9,9,56,732232.77765
9,9,127,732233.559225
9,9,68,732233.561273
9,9,86,732233.5625
9,9,31,732234.948924
9,9,52,732234.979444
9,9,18,732235.507303
9,9,7,732235.645822
9,9,47,732237.793681
9,9,49,732237.826968
9,9,40,732238.572176
9,9,47,732238.688021
9,9,0,732238.85015
9,9,164,732238.897847
9,9,44,732238.933831
9,9,68,732239.605718
9,9,34,732239.846157
9,9,12,732240.668681
9,9,0,732241.029051
9,9,63,732241.030359
9,9,61,732241.039109
9,9,76,732241.713125
9,9,24,732241.917905
9,9,96,732242.053472
9,9,73,732242.813252
9,9,31,732242.937917
9,9,71,732243.698495
9,9,11,732243.830278
9,9,15,732243.953796
9,9,29,732243.954664
9,9,68,732244.518461
9,9,68,732244.797072
9,9,42,732244.984456
9,9,42,732245.069815
9,9,1,732245.569537
9,9,19,732245.623634
9,9,147,732245.724792
9,9,1,732245.839745
9,9,33,732245.921678
9,9,1,732246.268692
9,9,23,732246.2914
9,9,331,732246.654109
9,9,66,732246.745729
9,9,87,732247.509919
9,9,0,732247.721609
9,9,68,732247.771481
9,9,19,732247.852014
9,9,126,732247.853322
9,9,39,732247.867905
9,9,0,732247.869248
9,9,0,732247.869329
9,9,48,732247.905116
9,9,116,732247.924271
9,9,107,732248.70941
9,9,31,732248.920694
9,9,130,732248.966759
9,9,64,732249.515081
9,9,84,732249.799236
9,9,8,732249.887685
9,9,271,732249.91397
9,9,0,732249.917164
9,9,64,732250.551736
9,9,64,732250.55265
9,9,0,732250.959572
9,9,98,732250.959792
9,9,127,732251.024711
9,9,129,732251.998704
9,9,31,732252.563889
9,9,53,732252.831354
9,9,157,732253.681042
9,9,145,732254.365868
9,9,110,732254.441644
9,9,229,732254.801042
9,9,146,732256.680648
9,9,89,732257.488472
9,9,12,732257.747326
9,9,12,732258.842674
9,9,40,732259.63897
9,9,213,732259.640255
9,9,0,732260.668947
9,9,85,732260.669259
9,9,37,732260.808484
9,9,118,732262.594699
9,9,26,732264.676053
9,9,36,732264.864769
9,9,16,732264.884641
9,9,61,732264.885012
9,9,84,732267.905752
9,9,64,732268.484641
9,9,40,732269.604942
9,9,50,732270.51978
9,9,84,732271.6975
9,9,114,732272.84088
9,9,0,732274.390336
9,9,49,732274.493148
9,9,9,732274.685729
9,9,101,732274.72441
9,9,104,732276.594213
9,9,75,732276.642743
9,9,29,732276.951933
9,9,11,732278.901551
9,9,118,732278.901991
9,9,3,732279.12044
9,9,68,732279.619711
9,9,56,732280.824815
9,9,114,732281.546759
9,9,103,732281.81522
9,9,46,732281.818102
9,9,28,732282.948472
9,9,5,732282.970938
9,9,8,732282.971157
9,9,50,732284.516227
9,9,33,732284.839028
9,9,40,732285.943657
9,9,31,732288.508947
9,9,40,732292.893044
9,9,48,732297.258449
9,9,56,732298.128368
9,9,39,732299.266806
9,9,40,732300.169583
9,9,50,732301.042558
9,9,47,732303.820336
9,9,54,732304.05309
9,9,100,732305.954988
9,9,135,732306.944248
9,9,0,732307.830822
9,9,21,732307.831238
9,9,73,732309.741389
9,9,104,732310.900961
9,9,61,732310.952975
9,9,36,732311.690208
9,9,95,732312.23081
9,9,53,732313.979722
9,9,24,732314.262558
9,9,87,732318.072465
9,9,110,732322.771366
9,9,18,732323.800127
9,9,36,732324.182431
9,9,10,732324.330023
9,9,51,732327.175405
9,9,21,732327.731539
9,9,2,732328.846088
9,9,39,732334.011632
9,9,38,732334.354132
9,9,29,732334.749907
9,9,11,732335.297998
9,9,119,732337.210475
9,9,9,732337.294525
9,9,1,732337.336042
9,9,47,732338.393715
9,9,130,732340.33485
9,9,234,732342.971933
9,9,97,732343.128854
9,9,43,732346.17566
9,9,10,732348.160035
9,9,14,732349.771574
9,9,46,732350.074375
9,9,12,732352.132361
9,9,48,732355.013356
9,9,2,732357.051123
9,9,30,732357.739433
9,9,56,732360.546528
9,9,24,732360.635729
9,9,2,732363.840486
9,9,0,732365.692025
9,9,0,732365.692419
9,9,131,732366.091806
9,9,138,732368.829294
9,9,70,732369.163762
9,9,40,732370.889294
9,9,32,732372.099375
9,9,28,732372.982731
9,9,2,732374.24537
9,9,1,732375.014931
9,9,46,732376.690532
9,9,48,732380.172257
9,9,49,732384.046065
9,9,11,732384.705336
9,9,19,732384.752442
9,9,98,732384.753484
9,9,43,732386.250509
9,9,59,732388.754421
9,9,0,732389.127269
9,9,91,732389.767963
9,9,23,732389.87184
9,9,1,732389.896215
9,9,76,732391.899722
9,9,41,732392.665694
9,9,24,732393.100475
9,9,166,732395.024167
9,9,33,732395.026238
9,9,34,732395.031204
9,9,100,732399.941597
9,9,3,732400.111169
9,9,28,732400.275567
9,9,99,732400.277755
9,9,87,732400.818333
9,9,2,732401.376551
9,9,84,732401.376759
9,9,0,732402.091458
9,9,26,732402.107037
9,9,9,732402.597211
9,9,114,732402.71485
9,9,41,732403.014549
9,9,31,732403.040995
9,9,135,732403.157975
9,9,0,732403.178113
9,9,0,732403.178206
9,9,142,732403.38669
9,9,280,732403.528889
9,9,108,732404.156238
9,9,49,732404.757859
9,9,55,732404.924595
9,9,38,732405.121632
9,9,53,732405.896134
9,9,116,732406.966528
9,9,52,732409.230278
9,9,120,732409.999317
9,9,91,732411.713021
9,9,84,732412.107245
9,9,121,732413.161863
9,9,21,732415.051701
9,9,0,732415.301551
9,9,44,732415.344734
9,9,35,732416.289861
9,9,7,732416.315139
9,9,176,732416.315336
9,9,67,732417.107882
9,9,169,732417.117616
9,9,31,732418.151493
9,9,45,732418.171933
9,9,17,732420.254803
9,9,27,732420.354988
9,9,10,732422.343646
9,9,61,732424.13669
9,9,11,732425.176366
9,9,29,732426.229144
9,9,29,732426.900069
9,9,76,732427.842998
9,9,8,732430.48625
9,9,4,732430.48647
9,9,16,732430.48669
9,9,53,732430.777164
9,9,34,732431.334919
9,9,0,732432.079144
9,9,27,732433.898646
9,9,0,732433.944271
9,9,29,732434.336678
9,9,53,732436.267743
9,9,2,732436.890706
9,9,1,732437.249039
9,43,83,732283.88647
9,91,12,732218.736817
9,91,8,732218.827639
10,1,80,732242.595718
10,1,0,732242.716447
10,1,0,732242.720116
10,1,42,732242.720648
10,1,67,732325.903252
10,1,18,732326.039572
10,1,83,732326.05831
10,1,30,732326.925278
10,1,90,732327.987222
10,1,9,732328.757812
10,5,38,732242.748356
10,5,51,732243.887419
10,5,17,732243.937755
10,5,61,732243.958958
11,1,8,732263.990382
11,37,74,732248.496563
11,37,26,732248.625035
11,37,0,732269.83044
11,37,8,732269.830972
11,37,76,732271.045347
11,37,41,732280.824433
11,37,36,732280.901794
11,37,0,732280.902292
11,50,86,732273.068229
11,80,67,732284.653472
12,3,23,732207.205914
12,3,7,732207.848831
12,3,7,732207.850104
12,3,43,732208.794965
12,3,5,732208.815174
12,3,28,732214.117604
12,3,112,732217.259606
12,3,47,732217.295579
12,3,7,732217.926481
12,3,44,732220.079919
12,3,22,732220.143704
12,3,0,732222.020961
12,3,60,732224.245521
12,3,8,732226.195486
12,3,498,732226.232338
12,3,20,732228.156991
12,3,994,732233.324583
12,3,18,732234.718484
12,3,10,732235.14919
12,3,23,732235.168565
12,3,78,732235.169097
12,3,20,732236.783148
12,3,12,732236.928681
12,3,18,732237.736076
12,3,5,732237.757905
12,3,36,732249.199769
12,3,40,732251.110336
12,3,26,732254.254525
12,3,72,732263.042604
12,3,49,732270.116238
12,3,17,732270.121771
12,3,3,732270.1286
12,3,16,732282.277523
12,3,9,732284.270058
12,3,31,732285.728009
12,3,35,732289.110625
12,7,75,732201.736609
12,7,100,732201.791377
12,7,15,732202.031528
12,7,89,732204.10397
12,7,6,732204.134769
12,7,9,732205.822963
12,7,7,732205.823345
12,7,8,732208.091146
12,7,37,732209.099201
12,7,0,732209.809144
12,7,38,732212.10537
12,7,144,732214.028588
12,7,130,732214.115752
12,7,21,732214.167454
12,7,7,732217.680625
12,7,0,732218.052164
12,7,11,732218.052975
12,7,51,732219.05456
12,7,93,732219.111597
12,7,10,732219.663032
12,7,8,732219.941597
12,7,163,732219.942037
12,7,39,732219.955058
12,7,15,732220.178993
12,7,10,732220.928079
12,7,9,732221.015521
12,7,37,732222.644664
12,7,28,732222.706458
12,7,9,732222.744317
12,7,29,732222.771632
12,7,1,732222.778958
12,7,29,732222.83169
12,7,0,732222.864711
12,7,32,732222.865185
12,7,0,732222.925787
12,7,7,732222.92662
12,7,76,732222.961192
12,7,7,732222.973924
12,7,30,732222.976053
12,7,42,732222.978021
12,7,6,732223.002674
12,7,8,732223.003194
12,7,7,732223.003704
12,7,7,732223.004213
12,7,7,732223.004745
12,7,7,732223.00537
12,7,37,732223.005938
12,7,60,732223.015324
12,7,37,732223.017303
12,7,145,732223.060764
12,7,67,732223.099919
12,7,74,732225.853437
12,7,31,732225.859329
12,7,59,732226.115602
12,7,18,732227.030405
12,7,15,732228.110891
12,7,8,732229.109294
12,7,4,732233.114225
12,7,75,732233.133715
12,7,8,732235.124977
12,7,7,732235.136157
12,7,34,732235.142477
12,7,50,732235.866007
12,7,22,732235.992998
12,7,35,732236.115556
12,7,9,732237.081632
12,7,24,732237.849549
12,7,32,732237.856204
12,7,34,732237.891157
12,7,7,732239.107234
12,7,6,732239.122326
12,7,8,732240.18294
12,7,8,732243.06728
12,7,2,732243.114549
12,7,9,732246.748785
12,7,7,732248.068623
12,7,1,732249.105544
12,7,7,732249.197847
12,7,11,732254.903264
12,7,60,732259.098102
12,7,122,732264.056262
12,7,0,732267.091065
12,7,97,732268.112431
12,7,7,732268.128646
12,7,9,732271.191296
12,7,8,732274.087211
12,7,0,732274.760972
12,7,44,732274.879039
12,7,27,732274.893727
12,7,18,732275.593993
12,7,71,732275.617859
12,7,31,732275.987269
12,7,422,732277.604109
12,7,7,732277.637245
12,7,24,732277.637569
12,7,8,732278.055289
12,7,36,732278.055775
12,7,7,732278.091204
12,7,0,732278.091829
12,7,0,732279.946505
12,7,165,732279.948785
12,7,94,732279.952361
12,7,11,732279.979861
12,7,27,732281.081065
12,7,8,732284.105903
12,7,0,732285.807164
12,7,5,732285.873773
12,7,8,732285.87412
12,7,33,732285.877847
12,22,25,732201.691829
12,22,34,732205.9689
12,22,9,732210.132546
12,22,43,732210.132824
12,22,60,732210.135683
12,22,220,732213.76
12,22,690,732268.15066
12,22,8,732271.096921
12,22,237,732276.883646
12,22,0,732277.914317
12,22,8,732277.915382
13,13,13,732204.955093
13,13,1,732204.955359
13,15,81,732264.526019
13,15,506,732322.598426
13,15,24,732407.669618
15,13,5,732184.869514
15,13,67,732192.92103
15,13,95,732272.712118
15,13,126,732294.156447
15,13,97,732298.847477
15,15,0,732185.685174
15,15,0,732185.701088
15,15,2,732185.701238
15,15,41,732185.701644
15,15,0,732185.701713
15,15,0,732190.822963
15,16,161,732373.752465
16,15,38,732373.761111
16,17,14,732193.717025
16,17,29,732194.490463
16,17,78,732195.929792
16,17,97,732196.075394
16,17,74,732196.109549
16,17,0,732196.121597
16,17,17,732257.938924
16,17,114,732257.939456
16,17,120,732265.109421
16,17,84,732297.864514
16,17,148,732340.91559
16,17,16,732340.940961
16,17,37,732341.036678
16,17,35,732341.508634
16,17,10,732341.530498
16,17,5,732341.534363
16,17,6,732341.755174
16,17,7,732341.916782
16,17,68,732341.982002
16,17,99,732355.024722
16,17,0,732358.805266
16,17,24,732358.805556
16,21,89,732212.107743
16,21,65,732213.952963
16,21,35,732217.63956
16,21,63,732218.619792
16,21,167,732218.711123
16,21,61,732229.513403
16,21,2,732229.678032
16,21,24,732229.67934
16,21,110,732229.679965
16,21,70,732229.729757
16,21,98,732229.86978
16,21,22,732230.069861
16,21,60,732234.944699
16,21,32,732234.945509
16,21,27,732234.955336
16,21,36,732235.195671
16,21,51,732236.898993
16,21,22,732237.654653
16,21,29,732240.051435
16,21,24,732240.616354
16,21,35,732240.970891
16,21,24,732247.783345
16,21,0,732250.993924
16,21,23,732252.767465
16,21,0,732252.905914
16,21,71,732255.834178
16,21,23,732261.766829
16,21,22,732261.769815
16,21,23,732269.925787
16,21,25,732272.746539
16,21,34,732276.026678
16,21,24,732276.032396
16,21,46,732290.705451
16,21,395,732294.100602
16,21,68,732325.979028
16,21,35,732336.036377
16,21,59,732338.953738
16,21,35,732339.914907
16,21,8,732339.91772
16,21,5,732340.586863
16,21,0,732340.589688
16,21,0,732340.914873
16,21,0,732341.916979
16,21,4,732342.076424
16,21,32,732353.90588
16,21,0,732361.667002
16,21,23,732361.667396
16,21,11,732361.668403
16,21,10,732361.669213
16,21,11,732361.670718
16,21,11,732361.672234
16,21,10,732361.674317
16,21,7,732361.677106
16,21,9,732361.679861
16,21,40,732363.704606
16,21,37,732363.764248
16,21,9,732368.016609
16,21,36,732369.932095
16,21,42,732374.917292
16,21,372,732383.140486
16,21,98,732383.875949
16,21,69,732383.917905
16,21,48,732386.539606
16,21,26,732386.579005
16,21,51,732386.581065
16,21,21,732386.582558
16,21,34,732391.735243
16,21,201,732391.917373
16,21,153,732391.926539
16,21,189,732391.930752
16,21,73,732401.132303
16,21,99,732402.035382
16,21,184,732404.164225
16,21,261,732412.831887
16,21,32,732412.958843
16,21,137,732412.959352
16,21,18,732413.011921
16,21,262,732413.012269
16,21,27,732414.797338
16,21,161,732415.08544
16,21,29,732422.981968
16,21,29,732424.006076
16,21,31,732433.021863
16,21,47,732438.016898
16,21,46,732439.05206
16,21,337,732439.083472
16,21,52,732442.977245
16,21,24,732444.982847
16,21,72,732445.002905
16,21,436,732445.179086
16,21,70,732450.835243
16,21,24,732452.827245
16,21,84,732465.716319
16,21,11,732471.700509
16,21,43,732471.701319
16,21,17,732471.73309
16,21,90,732472.569884
16,21,131,732472.808137
16,21,111,732473.040116
16,21,272,732473.117801
16,21,272,732475.770926
16,21,58,732477.928924
17,16,33,732195.826794
17,16,4,732196.120845
17,16,48,732196.121435
17,16,55,732265.10985
17,16,0,732296.988021
17,16,44,732340.587627
17,16,21,732340.638183
17,16,0,732340.752049
17,16,0,732340.752315
17,16,1,732340.866296
17,16,0,732341.527106
17,16,64,732342.197245
17,16,8,732342.584468
17,16,27,732355.022581
17,17,26,732186.129444
17,17,41,732196.231157
17,21,21,732296.986169
17,21,8,732296.986759
17,21,27,732296.988345
17,21,21,732335.076539
17,21,8,732335.129167
17,21,7,732335.131632
17,21,15,732339.038414
17,21,50,732340.600833
17,21,23,732340.620856
17,21,0,732340.868056
17,21,6,732340.868576
17,21,2,732340.909618
18,3,3,732194.030787
18,3,31,732196.910451
18,3,36,732201.808553
18,3,0,732202.034144
18,3,154,732202.036956
18,3,22,732202.204826
18,3,59,732221.970197
18,3,27,732221.979965
18,3,21,732222.002755
18,3,25,732222.003218
18,3,36,732268.083981
18,3,40,732268.114387
18,3,18,732282.052431
18,3,0,732387.073623
18,3,0,732387.073808
18,3,39,732387.074433
18,3,14,732411.926273
18,3,58,732411.926609
18,18,1,732425.048565
19,1,7,732210.081366
19,1,7,732210.088113
19,1,11,732223.149421
19,1,30,732236.295336
19,1,45,732237.17765
19,1,48,732241.172419
19,1,13,732242.080023
19,1,48,732243.942442
19,1,23,732248.069815
19,1,66,732248.095382
19,1,9,732248.242743
19,1,54,732250.649525
19,1,52,732264.000613
19,1,27,732277.950961
19,1,2,732278.005845
19,1,31,732278.006331
19,1,77,732278.012188
19,1,11,732278.046123
19,1,4,732278.049838
19,1,186,732281.106181
19,1,6,732283.439919
19,1,47,732285.91537
19,1,31,732285.979028
19,1,14,732286.009907
19,1,33,732292.346678
19,1,31,732298.272674
19,1,6,732299.002106
19,1,38,732316.368148
19,1,8,732316.368727
19,1,32,732332.135428
19,1,27,732332.175486
19,1,7,732341.219595
19,1,0,732342.886042
19,1,28,732363.086701
19,1,16,732380.09816
19,1,8,732380.173148
19,1,33,732389.071123
19,1,40,732390.695521
19,1,0,732390.787037
19,1,0,732390.78735
19,1,78,732390.812639
19,1,22,732390.910162
19,1,6,732390.918426
19,1,7,732390.934201
19,1,16,732391.040035
19,1,8,732391.040567
19,1,35,732391.115243
19,1,4,732391.115961
19,1,0,732391.139201
19,1,0,732391.923796
19,1,87,732393.983287
19,1,11,732400.709086
19,1,22,732402.078148
19,1,23,732402.794005
19,1,34,732402.796146
19,1,73,732405.914479
19,1,8,732412.126771
19,1,66,732416.996192
19,1,34,732418.142465
19,1,83,732424.076076
19,1,158,732425.020359
19,1,26,732427.796285
19,1,7,732427.824525
19,2,73,732188.019525
19,2,33,732201.214271
19,2,59,732202.13103
19,2,31,732202.715
19,2,161,732214.109282
19,2,31,732239.696262
19,2,104,732240.95228
19,2,47,732241.853611
19,2,110,732252.665995
19,2,62,732254.120266
19,2,28,732254.696262
19,2,8,732254.717361
19,2,78,732254.717616
19,2,3,732254.720023
19,2,42,732338.669769
19,2,6,732338.863137
19,2,91,732353.95838
19,5,12,732176.010139
19,5,409,732184.080069
19,5,2,732188.019086
19,5,6,732190.651412
19,5,0,732190.697824
19,5,13,732190.736447
19,5,1,732198.743345
19,5,30,732201.777789
19,5,7,732202.130382
19,5,6,732202.734178
19,5,41,732202.797546
19,5,17,732203.976296
19,5,0,732206.746493
19,5,11,732206.74713
19,5,6,732206.903738
19,5,20,732208.949977
19,5,7,732208.95912
19,5,17,732208.974398
19,5,7,732208.992928
19,5,19,732213.819456
19,5,26,732215.926875
19,5,57,732216.704792
19,5,3,732217.797014
19,5,0,732220.126933
19,5,0,732220.12706
19,5,0,732220.127292
19,5,0,732220.986921
19,5,11,732220.999479
19,5,331,732221.018264
19,5,107,732221.916782
19,5,108,732222.114468
19,5,105,732222.170231
19,5,10,732223.160382
19,5,103,732226.827535
19,5,0,732236.252581
19,5,2,732236.27125
19,5,45,732240.080972
19,5,0,732240.175127
19,5,46,732241.025278
19,5,0,732241.198565
19,5,0,732241.19897
19,5,7,732241.208426
19,5,17,732241.218461
19,5,9,732241.938241
19,5,0,732241.961204
19,5,196,732242.077535
19,5,29,732243.286505
19,5,4,732243.941655
19,5,284,732243.963194
19,5,32,732244.078194
19,5,7,732244.119699
19,5,8,732244.123194
19,5,51,732244.124502
19,5,8,732244.270926
19,5,6,732246.167303
19,5,67,732246.172002
19,5,4,732248.032245
19,5,27,732250.997697
19,5,30,732251.01912
19,5,23,732251.023438
19,5,8,732251.189792
19,5,9,732251.191042
19,5,62,732251.649352
19,5,12,732251.779456
19,5,0,732251.804479
19,5,8,732251.808275
19,5,6,732255.894352
19,5,7,732258.030833
19,5,0,732263.038831
19,5,0,732263.040428
19,5,30,732263.040984
19,5,632,732263.729178
19,5,7,732264.000231
19,5,6,732264.002303
19,5,0,732268.116343
19,5,168,732268.116829
19,5,72,732268.11897
19,5,9,732270.989028
19,5,20,732271.941933
19,5,0,732277.719271
19,5,76,732277.817211
19,5,66,732282.185903
19,5,50,732282.823287
19,5,0,732283.505266
19,5,39,732286.707037
19,5,137,732298.225613
19,5,57,732298.731933
19,5,163,732299.002465
19,5,56,732299.008646
19,5,24,732299.068356
19,5,27,732299.105602
19,5,16,732299.34588
19,5,20,732301.998194
19,5,84,732303.00691
19,5,6,732303.826944
19,5,310,732306.870405
19,5,85,732308.043403
19,5,67,732308.914062
19,5,24,732310.120463
19,5,13,732310.166424
19,5,46,732312.358947
19,5,3,732312.740498
19,5,11,732312.798796
19,5,0,732313.441134
19,5,27,732314.270139
19,5,7,732314.298079
19,5,6,732314.330706
19,5,0,732314.34309
19,5,29,732318.177743
19,5,122,732318.208032
19,5,0,732318.250764
19,5,32,732318.258044
19,5,91,732322.973808
19,5,0,732325.268866
19,5,0,732326.249329
19,5,6,732327.287442
19,5,0,732327.338356
19,5,6,732327.338843
19,5,0,732327.342951
19,5,6,732327.999178
19,5,54,732329.833947
19,5,142,732330.923252
19,5,9,732334.02397
19,5,7,732334.972049
19,5,33,732335.006944
19,5,6,732335.169722
19,5,21,732338.25375
19,5,76,732340.232812
19,5,0,732341.218773
19,5,98,732342.126632
19,5,45,732342.198692
19,5,125,732342.258113
19,5,42,732342.360336
19,5,20,732342.390625
19,5,77,732343.704201
19,5,12,732344.977639
19,5,0,732344.993345
19,5,7,732344.998738
19,5,0,732345.001725
19,5,7,732348.091435
19,5,0,732348.091609
19,5,11,732348.114942
19,5,7,732348.115926
19,5,6,732348.116493
19,5,11,732348.11684
19,5,94,732348.233414
19,5,29,732349.959618
19,5,29,732349.977199
19,5,6,732349.978264
19,5,7,732349.980706
19,5,7,732349.98103
19,5,13,732349.982049
19,5,0,732349.982465
19,5,0,732349.982708
19,5,13,732349.98375
19,5,12,732349.987164
19,5,9,732349.991042
19,5,0,732352.052535
19,5,0,732353.714641
19,5,53,732363.067697
19,5,7,732364.002604
19,5,30,732368.859826
19,5,97,732368.968819
19,5,510,732368.996447
19,5,50,732369.854225
19,5,77,732369.90485
19,5,32,732370.136343
19,5,8,732372.096238
19,5,367,732376.09566
19,5,31,732377.029514
19,5,7,732377.081354
19,5,351,732377.873079
19,5,0,732381.038125
19,5,7,732382.13294
19,5,11,732382.133495
19,5,0,732382.151458
19,5,11,732382.152245
19,5,58,732383.759248
19,5,41,732384.152581
19,5,324,732384.957442
19,5,31,732390.039988
19,5,12,732391.150139
19,5,38,732391.258449
19,5,44,732391.266169
19,5,34,732392.082674
19,5,38,732394.709884
19,5,27,732394.842894
19,5,6,732395.325394
19,5,8,732396.035799
19,5,6,732396.053843
19,5,6,732396.070822
19,5,7,732396.203866
19,5,9,732396.210521
19,5,51,732396.25625
19,5,64,732396.779861
19,5,3,732397.008368
19,5,37,732397.008623
19,5,17,732397.141181
19,5,0,732397.798426
19,5,169,732398.112789
19,5,0,732398.131539
19,5,35,732398.290081
19,5,23,732398.297002
19,5,0,732398.33228
19,5,32,732404.015405
19,5,56,732410.835556
19,5,25,732412.125579
19,5,6,732412.134687
19,5,6,732412.693519
19,5,6,732412.875046
19,5,6,732413.032083
19,5,30,732415.63581
19,5,19,732417.697789
19,5,0,732418.142002
19,5,7,732418.20287
19,5,49,732422.038021
19,5,25,732423.951968
19,5,13,732423.954757
19,5,34,732423.955139
19,5,7,732424.094201
19,5,6,732424.137801
19,5,0,732424.21485
19,5,24,732425.02235
19,5,5,732425.191725
19,5,75,732425.866215
19,5,26,732426.086343
19,5,25,732427.796748
19,5,17,732427.914074
19,5,9,732427.914468
19,5,10,732427.915023
19,49,9,732184.812106
19,49,160,732238.994525
19,49,82,732241.023206
19,49,29,732246.904144
19,49,329,732262.775046
19,49,45,732325.852106
19,49,28,732343.580231
19,49,32,732350.740741
19,49,23,732353.122072
19,49,38,732353.645926
19,49,6,732400.740567
19,49,13,732400.741366
19,49,0,732400.742106
19,49,52,732402.744225
20,2,0,732475.065266
20,21,24,732229.765336
20,52,0,732246.937986
20,52,1,732251.037986
20,52,29,732251.062986
20,52,61,732251.096562
20,52,0,732263.067338
20,52,306,732263.067743
20,52,10,732264.195197
20,52,2,732264.200347
20,52,140,732264.205428
20,52,37,732279.893183
20,52,6,732292.040185
20,52,12,732292.051215
20,52,33,732292.964433
20,52,32,732297.156771
20,52,34,732317.168264
20,52,1,732319.831817
20,52,145,732326.054063
20,52,2,732333.067604
20,52,402,732338.842928
20,52,34,732340.771933
20,52,36,732344.892488
20,52,39,732361.13919
20,52,83,732361.148148
20,52,1,732361.631806
20,52,49,732362.984039
20,52,155,732362.989699
20,52,119,732363.037488
20,52,43,732365.871782
20,52,32,732368.791412
20,52,7,732374.811111
20,52,40,732374.835509
20,52,40,732426.824329
20,52,29,732473.064734
21,2,0,732295.254433
21,2,138,732295.256713
21,16,0,732197.917338
21,16,23,732201.010718
21,16,1,732225.755741
21,16,1,732225.825162
21,16,4,732226.709421
21,16,2,732229.804965
21,16,2,732229.807604
21,16,33,732229.819271
21,16,0,732229.984109
21,16,4,732230.06515
21,16,0,732230.065995
21,16,153,732230.240787
21,16,5,732230.291655
21,16,22,732237.112442
21,16,1,732237.852118
21,16,1,732241.802558
21,16,0,732244.231227
21,16,38,732256.001493
21,16,18,732256.120324
21,16,0,732256.281667
21,16,0,732269.160648
21,16,0,732276.179398
21,16,0,732276.17985
21,16,0,732283.991609
21,16,14,732288.822037
21,16,61,732288.822604
21,16,1,732294.258519
21,16,28,732294.258947
21,16,0,732296.926447
21,16,0,732324.055
21,16,25,732324.055451
21,17,50,732295.270995
21,17,18,732295.283669
21,17,37,732297.070509
21,17,28,732297.122627
21,17,25,732297.130741
21,17,0,732297.155278
22,7,12,732260.755718
22,12,10,732195.750382
22,12,59,732196.51691
22,12,0,732209.966551
22,12,8,732209.988854
22,12,3,732243.05228
22,12,24,732243.053032
22,12,0,732270.93956
22,12,0,732270.940532
22,12,25,732272.060417
22,12,51,732276.892697
22,12,0,732276.924468
22,12,88,732277.593773
22,12,10,732320.021539
22,12,6,732323.256701
25,55,1451,732315.262928
26,1,4,732296.632095
27,27,43,732197.893623
27,27,26,732198.000706
27,27,0,732198.153125
27,27,515,732201.540475
27,27,93,732201.760081
27,27,48,732201.872419
27,27,396,732202.016076
27,27,14,732202.560185
27,27,59,732202.771204
27,27,11,732203.554502
27,27,12,732203.683484
27,27,77,732204.983981
27,27,25,732205.145336
27,27,8,732205.801713
27,27,8,732206.150718
27,27,9,732206.874537
27,27,0,732207.581169
27,27,9,732207.581493
27,27,8,732207.799213
27,27,141,732212.941076
27,27,52,732213.149178
27,27,8,732213.874583
27,27,74,732213.972986
27,27,9,732214.083264
27,27,11,732214.795359
27,27,10,732215.102569
27,27,8,732216.346921
27,27,25,732217.576458
27,27,14,732217.859699
27,27,10,732217.992523
27,27,86,732218.112604
27,27,0,732219.790544
27,27,9,732221.789502
27,27,24,732224.251551
27,27,22,732224.563981
27,27,15,732224.903032
27,27,61,732225.887766
27,27,80,732226.674387
27,27,44,732226.948403
27,27,0,732227.878981
27,27,138,732227.88338
27,27,7,732228.813426
27,27,45,732229.62316
27,27,40,732229.827315
27,27,18,732230.579699
27,27,117,732231.02
27,27,24,732231.058171
27,27,29,732232.114641
27,27,22,732232.964549
27,27,319,732234.155567
27,27,55,732234.644375
27,27,12,732234.882176
27,27,19,732234.947674
27,27,36,732234.948079
27,27,9,732235.530069
27,27,15,732237.611759
27,27,8,732237.612141
27,27,9,732237.745764
27,27,14,732238.891204
27,27,69,732238.911146
27,27,112,732239.564676
27,27,37,732240.839769
27,27,14,732240.990579
27,27,88,732241.157326
27,27,13,732241.644595
27,27,40,732241.644977
27,27,97,732241.894074
27,27,36,732241.984769
27,27,26,732242.154213
27,27,18,732242.68206
27,27,38,732242.791933
27,27,11,732243.277512
27,27,23,732243.770891
27,27,83,732251.871991
27,27,30,732252.911111
27,27,38,732254.003252
27,27,23,732254.93478
27,27,22,732254.93537
27,27,137,732257.205498
27,27,76,732258.81184
27,27,0,732259.026296
27,27,28,732259.241863
27,27,148,732260.033426
27,27,22,732272.436968
27,27,44,732274.735799
27,27,9,732285.120451
27,27,8,732285.848704
27,27,22,732285.965544
27,27,73,732294.027674
27,27,231,732300.888519
27,27,0,732300.918912
27,27,57,732301.755208
27,27,0,732301.880567
27,27,50,732301.881759
27,27,41,732301.886042
27,27,9,732306.620683
27,27,48,732308.998796
27,27,70,732309.14331
27,27,40,732315.636088
27,27,34,732315.647234
27,27,38,732315.974363
27,27,13,732323.151574
27,27,81,732323.151898
27,27,185,732326.048623
27,27,22,732326.850336
27,27,8,732326.850787
27,27,20,732329.043576
27,27,5,732330.121285
27,27,34,732330.121516
27,27,37,732332.11816
27,27,70,732332.271944
27,27,35,732333.868519
27,27,141,732336.926829
27,27,9,732337.699444
27,27,53,732337.899954
27,27,0,732338.048472
27,27,110,732347.903449
27,27,0,732348.624861
27,27,71,732349.768333
27,27,24,732364.94191
27,27,0,732365.744213
27,27,73,732365.744699
27,27,116,732415.99728
27,27,231,732420.953993
27,27,59,732422.620313
27,27,0,732422.87088
27,27,98,732433.844965
29,12,0,732343.745984
29,22,38,732291.812222
29,22,31,732291.814248
30,2,99,732215.541667
30,2,83,732295.157581
30,17,41,732339.873519
30,17,155,732339.879896
30,17,24,732340.128646
30,17,9,732340.140336
30,17,83,732340.986678
30,17,97,732341.982523
30,17,0,732342.082986
30,17,52,732342.63037
30,17,117,732342.645012
30,17,33,732342.667431
30,17,29,732356.001389
30,17,37,732356.406782
30,17,22,732444.733044
30,17,22,732444.73875
30,17,0,732444.808762
30,18,158,732209.619618
30,18,27,732229.638067
30,18,11,732231.683113
30,18,45,732232.708565
30,18,108,732232.722512
30,18,174,732232.723426
30,18,125,732261.994132
30,18,19,732281.681748
30,18,0,732281.999329
30,18,106,732296.163183
30,18,0,732323.720544
30,18,23,732327.819792
30,18,13,732328.055752
30,18,232,732341.984051
30,18,158,732350.125579
30,18,34,732384.676551
30,18,40,732384.75515
30,18,22,732385.695822
30,18,229,732399.047569
30,18,0,732399.791597
30,18,0,732406.869086
30,18,79,732406.875498
30,18,157,732412.044352
30,18,4,732425.860822
30,18,90,732425.861956
30,18,16,732438.711968
30,18,21,732438.717454
30,18,0,732455.738715
30,18,33,732466.151262
30,18,117,732467.942766
30,18,191,732471.054201
30,18,18,732471.10684
30,18,0,732471.113067
30,18,39,732471.113542
30,18,0,732471.114838
30,18,5,732471.137431
30,18,0,732471.138414
30,18,28,732471.140856
30,21,82,732295.155382
30,79,32,732295.156759
31,31,99,732202.946204
31,31,41,732204.815833
31,31,11,732205.003414
31,31,58,732205.858044
31,31,289,732216.718472
31,31,5,732217.956042
31,31,117,732219.860301
31,31,0,732222.59081
31,31,130,732223.688484
31,31,51,732227.846285
31,31,36,732229.675035
31,31,86,732233.08853
31,31,155,732238.652882
31,31,86,732240.738125
31,31,179,732241.658912
31,31,41,732245.022627
31,31,112,732248.929051
31,31,30,732254.746181
31,31,27,732261.58537
31,31,115,732266.680799
31,31,37,732269.724178
31,31,70,732287.984178
31,31,56,732290.027002
31,31,197,732298.865822
31,31,112,732302.885139
31,31,93,732318.879942
31,31,91,732336.813218
31,31,50,732336.882153
31,31,36,732336.92544
31,56,0,732212.864259
31,56,10,732260.572801
31,56,68,732342.899375
31,56,37,732343.021458
31,56,7,732343.024595
31,56,8,732343.054375
31,56,21,732343.068958
31,56,10,732352.912338
31,56,23,732352.913935
33,33,0,732205.204641
33,33,3,732205.205104
33,33,4,732205.205255
33,33,221,732205.205706
33,33,109,732206.922813
33,33,0,732210.893831
33,33,155,732210.894039
33,33,122,732213.043449
33,33,8,732213.045509
33,33,76,732213.045822
33,33,14,732214.883634
33,33,0,732214.883843
33,33,132,732214.884086
33,33,67,732217.880417
33,33,146,732229.276539
33,33,0,732237.12066
33,33,0,732237.120694
33,33,107,732237.121817
33,33,379,732237.122558
33,33,134,732237.647951
33,33,181,732249.678148
33,33,234,732264.083819
33,33,110,732274.028519
33,33,69,732333.292836
33,33,91,732333.315023
33,66,2,732220.704537
33,66,11,732220.80147
33,66,108,732243.869641
34,34,191,732312.819097
35,37,116,732214.760359
35,37,259,732216.506435
35,37,124,732216.877465
35,37,114,732217.588113
35,37,84,732217.657234
35,37,41,732217.736146
35,37,36,732221.567373
35,37,25,732221.804109
35,37,17,732221.8511
35,37,56,732221.851366
35,37,33,732223.908576
35,37,80,732223.909039
35,37,79,732225.805903
35,37,29,732225.850579
35,37,53,732226.41647
35,37,33,732226.606088
35,37,0,732229.416968
35,37,32,732229.417396
35,37,38,732232.582662
35,37,35,732232.599271
35,37,37,732232.657778
35,37,79,732232.741285
35,37,91,732233.591053
35,37,237,732237.841354
35,37,40,732239.75081
35,37,46,732241.535787
35,37,26,732241.537998
35,37,24,732241.543623
35,37,15,732241.844097
35,37,15,732241.84522
35,37,12,732241.845637
35,37,26,732241.850023
35,37,11,732241.858125
35,37,11,732241.862685
35,37,11,732241.878484
35,37,157,732242.777083
35,37,37,732243.380382
35,37,50,732243.691076
35,37,26,732243.863843
35,37,82,732245.944375
35,37,71,732249.418623
35,37,66,732252.947338
35,37,37,732252.956632
35,37,35,732253.62316
35,37,62,732253.731852
35,37,50,732254.709398
35,37,28,732254.715683
35,37,36,732255.656586
35,37,36,732255.813032
35,37,11,732255.813542
35,37,21,732255.81375
35,37,36,732256.416157
35,37,36,732256.423646
35,37,110,732256.734606
35,37,0,732259.536447
35,37,25,732259.536586
35,37,38,732259.541296
35,37,90,732259.785
35,37,243,732266.70831
35,37,181,732270.704606
35,37,38,732271.814294
35,37,22,732271.814803
35,37,35,732271.819444
35,37,20,732271.828137
35,37,24,732271.828507
35,37,0,732271.829931
35,37,56,732272.86456
35,37,24,732273.399954
35,37,110,732273.492095
35,37,23,732273.50287
35,37,167,732273.851493
35,37,19,732273.953275
35,37,80,732279.054618
35,37,239,732279.883576
35,37,252,732280.19522
35,37,427,732280.207928
35,37,31,732280.720637
35,37,15,732282.874491
35,37,16,732282.877882
35,37,214,732283.082338
35,37,53,732283.08603
35,37,99,732283.105683
35,37,584,732285.920718
35,37,57,732286.717488
35,37,24,732286.796308
35,37,203,732287.199063
35,37,13,732287.939711
35,37,11,732287.939942
35,37,17,732287.940266
35,39,0,732245.545139
35,39,7,732245.634479
35,39,6,732248.832477
35,39,8,732272.474618
35,39,672,732283.19875
35,44,3,732225.426713
35,44,4,732272.462269
35,44,266,732286.712708
35,58,0,732218.662523
35,58,0,732218.66412
35,58,0,732218.664433
35,58,31,732219.049711
35,58,21,732235.664201
35,58,35,732247.772627
35,84,407,732221.65287
35,84,52,732234.435382
35,84,108,732234.446933
35,84,0,732234.447222
35,84,0,732234.448229
35,84,0,732234.448333
35,84,0,732234.44838
35,84,106,732239.696701
35,84,44,732239.760544
35,84,56,732254.879954
35,85,0,732236.749329
35,85,0,732236.749456
35,85,234,732236.750197
37,11,37,732280.4889
37,11,49,732287.502604
37,35,24,732243.383692
37,35,36,732248.668819
37,35,44,732252.94706
37,35,40,732253.729282
37,35,5,732253.757188
37,35,0,732255.813171
37,35,35,732255.813507
37,35,32,732259.577604
37,35,234,732271.836644
37,35,16,732271.844688
37,35,12,732286.560764
37,35,70,732287.530556
37,37,8,732271.542002
37,37,50,732278.822442
37,50,17,732268.591921
37,50,43,732287.501759
37,84,41,732261.895023
37,85,22,732269.86985
38,38,12,732227.977315
38,38,0,732227.987824
38,38,22,732227.988843
38,38,0,732227.989259
38,38,0,732227.989363
38,38,18,732227.989549
38,38,34,732227.989884
38,38,0,732227.992963
38,38,87,732227.994514
38,38,105,732228.621933
38,38,0,732232.453125
38,38,74,732232.735162
38,38,7,732232.736169
38,38,63,732233.882419
38,38,44,732234.653681
38,38,202,732241.670787
38,38,42,732241.823067
38,38,24,732242.77456
38,38,20,732242.774988
38,38,25,732242.900428
38,38,0,732242.995417
38,38,43,732243.50081
38,38,90,732249.024028
38,38,33,732249.599109
38,38,114,732253.725637
38,38,9,732253.727859
38,38,0,732253.728032
38,38,0,732253.728102
38,38,61,732253.72831
38,38,3,732254.653287
38,38,33,732254.6536
38,38,97,732256.720255
38,38,0,732260.892199
38,38,39,732260.892454
38,38,52,732262.814757
38,38,64,732262.815613
38,38,25,732262.836586
38,38,52,732262.837002
38,38,189,732263.726019
38,38,85,732263.729606
38,38,73,732263.733877
38,38,21,732265.521134
38,38,124,732265.630266
38,38,36,732265.657153
38,38,0,732265.820336
38,38,101,732267.979769
38,38,0,732268.488322
38,38,132,732268.525995
38,38,54,732268.528414
38,38,24,732269.353287
38,38,21,732270.704456
38,38,92,732272.892986
38,38,19,732273.516146
38,38,148,732273.935035
38,38,54,732275.365405
38,38,24,732275.521019
38,38,0,732275.974144
38,38,0,732275.974248
38,38,0,732275.974329
38,38,0,732275.974583
38,38,32,732275.975243
38,38,130,732280.301644
38,38,51,732280.723426
38,38,23,732280.724201
38,38,51,732281.661343
38,38,0,732281.731956
38,38,86,732281.949201
38,38,48,732282.94559
38,38,43,732285.596725
38,38,9,732287.654954
38,38,0,732287.655104
38,38,0,732287.655174
38,38,52,732288.650301
38,38,96,732288.651852
38,38,0,732288.654977
38,38,27,732288.757141
38,38,28,732288.757581
40,40,85,732232.815984
40,40,34,732232.891771
40,40,23,732233.008391
40,40,27,732233.504583
40,40,31,732233.505266
40,40,52,732233.733657
40,40,14,732234.515822
40,40,18,732234.518796
40,40,13,732234.635509
40,40,13,732234.731852
40,47,61,732243.767407
40,47,69,732243.776354
40,47,20,732250.725486
40,47,123,732250.725984
40,47,52,732284.69272
40,47,192,732286.570243
40,47,35,732286.581204
40,47,102,732286.731829
40,47,38,732325.105428
40,47,28,732327.006088
40,47,366,732327.021065
40,47,10,732327.1261
40,47,132,732327.1264
40,47,346,732327.15603
40,47,0,732327.592326
40,47,248,732327.790556
40,47,97,732346.115787
40,47,47,732347.04412
40,47,6,732347.183044
40,68,29,732295.909051
42,39,21,732220.665394
42,40,86,732286.725706
42,40,4,732286.729653
42,40,0,732286.732014
42,40,0,732344.087859
42,40,187,732344.088229
42,40,28,732346.022454
42,40,19,732346.176817
42,40,76,732346.963588
42,40,19,732347.087187
42,40,0,732351.949641
42,40,16,732351.95
42,40,20,732353.941551
42,40,22,732354.771481
42,40,24,732357.639062
42,40,18,732361.833472
42,40,297,732361.870417
42,40,0,732365.122662
42,40,0,732365.123079
42,40,0,732365.12353
42,40,0,732365.125718
42,40,0,732365.130706
42,40,0,732365.143403
42,40,0,732365.147384
42,40,0,732365.168171
42,40,24,732366.039954
42,44,0,732354.012419
42,44,1,732354.012743
42,54,398,732268.651181
42,54,213,732268.83559
42,54,1622,732268.838241
42,54,64,732274.585764
42,58,11,732213.662905
42,58,56,732220.60838
42,58,45,732220.633079
42,58,74,732221.538241
42,58,124,732249.632315
42,58,37,732254.786019
42,58,39,732260.493171
42,58,77,732261.438113
42,58,91,732264.688472
42,58,52,732265.878692
42,58,56,732266.605868
42,80,0,732213.606319
42,80,0,732213.606725
42,80,22,732226.867384
42,80,42,732228.408032
42,80,2,732234.696921
42,80,53,732238.460694
42,80,101,732247.767025
42,80,102,732254.680104
42,80,67,732254.683148
42,80,0,732258.643484
42,80,18,732261.437789
42,80,211,732264.685741
42,80,1099,732264.719595
43,77,28,732251.935428
43,77,32,732259.00941
44,35,65,732219.559016
44,39,47,732219.560683
44,39,0,732241.698241
44,39,28,732245.545799
44,39,23,732274.503484
44,44,57,732214.79765
44,44,37,732214.844306
44,44,161,732216.552153
44,44,49,732216.755891
44,44,94,732218.832315
44,44,31,732219.552847
44,44,49,732219.864965
44,44,32,732220.572315
44,44,40,732221.551123
44,44,37,732221.735405
44,44,203,732221.899236
44,44,56,732222.583472
44,44,130,732223.338727
44,44,63,732224.751574
44,44,46,732225.546979
44,44,80,732225.588588
44,44,103,732226.494537
44,44,93,732226.662882
44,44,31,732226.676887
44,44,105,732226.895394
44,44,71,732227.509363
44,44,217,732227.897801
44,44,36,732228.544236
44,44,44,732228.569456
44,44,0,732228.592326
44,44,68,732228.592662
44,44,124,732228.743171
44,44,53,732229.518218
44,44,0,732229.520255
44,44,41,732229.78191
44,44,23,732229.783056
44,44,22,732230.023924
44,44,96,732230.025498
44,44,62,732230.769306
44,44,150,732231.668241
44,44,60,732234.447245
44,44,70,732234.491806
44,44,31,732234.518218
44,44,76,732235.533727
44,44,58,732235.606771
44,44,121,732235.745648
44,44,63,732236.010428
44,44,61,732236.58434
44,44,43,732238.355521
44,44,35,732238.417477
44,44,140,732238.480914
44,44,31,732238.532708
44,44,153,732238.668542
44,44,87,732239.738819
44,44,7,732240.393206
44,44,66,732240.393449
44,44,77,732240.702477
44,44,27,732240.779421
44,44,44,732241.405347
44,44,31,732241.774641
44,44,133,732242.386481
44,44,106,732242.736192
44,44,92,732243.529572
44,44,40,732244.012396
44,44,63,732244.460231
44,44,37,732244.558773
44,44,91,732245.546852
44,44,23,732245.779456
44,44,48,732246.543588
44,44,72,732246.754201
44,44,60,732246.816667
44,44,43,732247.036262
44,44,149,732247.576574
44,44,36,732247.620093
44,44,56,732247.764479
44,44,104,732248.595833
44,44,69,732249.740613
44,44,48,732249.793935
44,44,0,732250.61
44,44,97,732250.745336
44,44,48,732251.602153
44,44,21,732251.894595
44,44,71,732251.895046
44,44,32,732252.497361
44,44,21,732252.654687
44,44,109,732253.560775
44,44,11,732253.738044
44,44,1,732253.791111
44,44,11,732253.791389
44,44,23,732254.848113
44,44,35,732256.350463
44,44,27,732256.578056
44,44,39,732256.578646
44,44,45,732256.657141
44,44,21,732256.658241
44,44,22,732256.663808
44,44,22,732257.838299
44,44,71,732257.83875
44,44,31,732258.442685
44,44,275,732260.740278
44,44,24,732260.743623
44,44,0,732261.570937
44,44,157,732261.610313
44,44,45,732261.744352
44,44,0,732261.745116
44,44,3,732262.518322
44,44,114,732262.55794
44,44,70,732263.454572
44,44,127,732263.581389
44,44,42,732263.611968
44,44,25,732263.755498
44,44,0,732263.772894
44,44,36,732263.917708
44,44,46,732265.467789
44,44,34,732265.510023
44,44,166,732267.031505
44,44,37,732264.678854
44,44,48,732264.693634
44,44,0,732267.61125
44,44,40,732267.745833
44,44,44,732267.810058
44,44,62,732268.497998
44,44,56,732268.788426
44,44,16,732268.790231
44,44,24,732269.008148
44,44,59,732269.744062
44,44,50,732269.859942
44,44,45,732269.962083
44,44,16,732269.971678
44,44,28,732270.577685
44,44,71,732270.827731
44,44,13,732270.843889
44,44,91,732271.366088
44,44,27,732271.619861
44,44,47,732271.903808
44,44,92,732272.462685
44,44,18,732272.465984
44,44,14,732272.626609
44,44,28,732272.629387
44,44,28,732272.690185
44,44,40,732272.755972
44,44,83,732273.702604
44,44,43,732273.827836
44,44,71,732273.943681
44,44,35,732274.012431
44,44,174,732274.944398
44,44,76,732275.258692
44,44,27,732275.357778
44,44,44,732275.504236
44,44,68,732276.845914
44,44,127,732278.602315
44,44,57,732278.796042
44,44,25,732278.899965
44,44,52,732279.697176
44,44,53,732279.886366
44,44,40,732279.993148
44,44,184,732280.500046
44,44,29,732280.553646
44,44,89,732281.849861
44,44,73,732282.024537
44,44,49,732282.655
44,44,29,732282.774861
44,44,28,732283.741146
44,44,18,732283.74338
44,44,27,732283.838935
44,44,92,732283.941956
44,44,10,732284.51059
44,44,111,732284.5225
44,44,1,732284.53206
44,44,53,732284.62419
44,44,38,732284.995012
44,44,88,732285.461562
44,44,82,732285.595266
44,44,23,732285.641412
44,44,55,732285.759745
44,44,75,732286.461007
44,44,62,732287.572789
44,44,88,732287.830579
44,47,0,732284.504259
44,47,0,732284.505266
44,47,0,732284.505475
44,47,34,732284.583738
44,47,37,732284.608067
44,47,0,732286.03566
44,47,0,732286.035937
45,45,0,732229.713738
45,45,0,732229.713808
45,45,41,732253.724398
45,54,29,732225.596343
45,54,29,732226.601887
45,54,3,732227.623299
45,54,13,732227.626713
45,84,21,732214.622627
45,84,27,732216.767234
45,84,20,732235.743044
45,84,30,732235.745174
45,84,24,732240.677269
45,84,48,732240.688588
45,84,0,732240.68919
45,84,16,732240.689803
45,84,26,732240.699502
45,84,2,732259.490949
45,84,0,732259.491007
45,84,57,732259.49919
45,84,19,732267.597025
45,84,0,732269.595382
45,84,91,732282.612789
46,73,164,732231.885718
46,84,1,732275.072674
47,40,5,732217.926319
47,40,26,732217.93375
47,40,42,732222.935833
47,40,53,732223.691667
47,40,44,732226.961817
47,40,0,732227.902488
47,40,30,732227.95897
47,40,191,732238.9825
47,40,22,732242.72456
47,40,233,732248.977338
47,40,21,732268.203264
47,40,0,732272.919884
47,40,0,732273.305718
47,40,23,732273.306181
47,40,0,732280.130081
47,40,4,732280.130301
47,40,0,732280.254086
47,40,1996,732284.315116
47,40,413,732285.088507
47,40,75,732286.92191
47,40,0,732288.233646
47,40,467,732288.234051
47,40,2,732291.210266
47,40,24,732297.18515
47,40,18,732320.816817
47,40,30,732325.104086
47,40,524,732326.224491
47,40,19,732327.144792
47,40,36,732327.257882
47,44,13,732284.9436
47,44,12,732286.367836
47,44,26,732286.368634
47,44,60,732286.791782
47,44,234,732286.792153
47,44,26,732298.379155
47,44,27,732298.864757
47,44,53,732303.049722
47,44,57,732303.826296
47,44,30,732322.085035
47,46,31,732300.08816
47,80,1,732213.739745
48,48,1,732287.794282
48,48,0,732295.834433
49,1,55,732325.867859
49,1,76,732414.0336
49,2,25,732259.455625
49,2,34,732259.456458
49,2,166,732265.914977
49,2,59,732296.81103
49,2,23,732301.016713
49,2,0,732301.037396
49,2,30,732301.770891
49,2,33,732346.076204
49,2,7,732352.718738
49,2,14,732354.620683
49,2,26,732354.634595
49,2,369,732357.906771
49,2,2,732359.085567
49,2,38,732360.668773
49,2,18,732366.15787
49,2,7,732366.978021
49,2,36,732367.003241
49,2,136,732367.167049
49,2,9,732380.638611
49,2,7,732380.638854
49,2,18,732388.086551
49,2,7,732388.327373
49,2,20,732388.605868
49,2,0,732388.607303
49,2,43,732388.607604
49,2,2,732388.719606
49,2,0,732388.721632
49,2,0,732388.724942
49,2,135,732388.725313
49,5,98,732325.866215
49,19,270,732270.012639
49,19,7,732325.865706
49,19,305,732353.138194
49,19,45,732354.070312
49,19,9,732354.621053
49,19,7,732392.898414
49,19,0,732392.993148
49,19,15,732402.818727
49,19,6,732402.845093
49,19,186,732403.015625
49,89,30,732414.035081
50,11,14,732213.666817
50,11,62,732267.597778
50,11,46,732272.777708
50,11,21,732272.777894
50,11,0,732278.698009
50,11,0,732278.701042
50,11,0,732278.701111
50,11,17,732278.701655
50,11,46,732278.943854
50,11,16,732278.951551
50,37,140,732287.068912
50,84,57,732273.7589
52,52,66,732227.629861
52,52,0,732230.900903
52,52,0,732230.901748
52,52,0,732230.901875
52,52,0,732230.908461
52,52,0,732231.345081
52,52,20,732231.444525
52,52,0,732236.485521
52,52,204,732236.487454
52,52,109,732238.743461
52,52,51,732240.407025
52,52,31,732241.809688
52,52,12,732243.586458
52,52,20,732250.789062
52,52,46,732250.911991
52,52,232,732254.67044
52,52,453,732254.674213
52,52,35,732255.400139
52,52,79,732256.807789
52,52,44,732260.759236
52,52,129,732262.674549
52,52,22,732264.5814
52,52,25,732264.581829
52,52,103,732269.394873
52,52,25,732269.740984
52,52,40,732269.741516
52,52,26,732270.448646
52,52,12,732270.450185
52,52,45,732270.450463
52,52,29,732270.852211
52,52,26,732270.862778
52,52,84,732270.880012
52,52,62,732270.881354
52,52,59,732270.910139
52,52,32,732272.741817
52,52,21,732272.791331
52,52,104,732273.844236
52,52,21,732274.61
52,52,103,732274.738738
52,52,48,732274.950845
52,52,53,732277.725949
52,52,169,732278.373113
52,52,59,732279.951921
52,52,16,732280.755833
52,52,137,732281.023808
52,52,15,732281.741863
52,52,17,732281.933113
52,52,37,732281.994456
52,52,10,732282.896123
52,52,43,732283.506366
52,52,52,732284.592002
52,52,64,732288.608727
52,52,12,732290.665845
52,52,14,732291.272396
52,52,42,732291.76831
52,52,1,732291.769641
52,52,27,732291.907396
52,52,87,732291.907951
52,52,0,732292.505775
52,52,67,732292.788623
52,52,11,732293.488333
52,52,56,732293.623067
52,52,110,732293.724919
52,52,37,732293.779306
52,52,139,732295.375972
52,52,90,732296.437581
52,52,60,732296.572072
52,52,0,732297.787222
52,52,0,732297.787384
52,52,0,732297.791701
52,52,166,732297.875023
52,52,137,732298.684028
52,52,95,732298.763472
52,52,29,732298.793507
52,52,0,732298.958877
52,52,0,732298.959178
52,52,29,732298.959572
52,52,0,732299.786701
52,52,23,732299.891991
52,52,96,732300.485058
52,52,0,732300.978692
52,52,88,732300.9789
52,52,17,732304.382627
52,52,47,732309.551806
52,52,44,732310.747616
52,52,117,732312.029097
52,52,141,732314.669456
52,52,30,732315.329699
52,52,58,732316.449572
52,52,42,732316.784456
52,52,38,732316.915382
52,52,22,732318.865544
52,52,0,732322.992523
52,52,0,732325.579977
52,52,76,732325.580127
52,52,110,732325.581366
52,52,23,732325.852049
52,52,0,732328.915185
52,52,75,732328.951979
53,53,10,732209.211979
55,25,58,732226.942836
55,25,264,732284.995486
55,25,76,732302.889606
55,25,122,732341.270926
58,35,36,732228.665903
58,35,0,732247.773438
58,37,84,732265.734537
58,37,37,732291.978715
58,37,1,732368.686586
58,37,30,732376.526817
58,37,26,732376.539954
58,72,0,732352.917014
58,72,59,732430.704722
58,80,2,732220.562326
58,84,121,732222.642604
58,84,18,732280.885
58,84,1,732281.415231
58,84,33,732287.835174
58,84,34,732384.69985
58,85,38,732217.485081
58,85,0,732219.719676
58,85,75,732219.727095
58,85,12,732219.738785
58,85,11,732222.618194
58,85,12,732222.620949
58,85,20,732226.465324
58,85,51,732226.468461
58,85,26,732226.717072
58,85,4,732226.717731
58,85,58,732235.498704
58,85,243,732238.832037
58,85,41,732240.585729
58,85,15,732240.79272
58,85,29,732241.557384
58,85,33,732241.85184
58,85,127,732248.840313
58,85,3,732249.500127
58,85,11,732249.508796
58,85,0,732249.540174
58,85,9,732249.729433
58,85,19,732249.761354
58,85,0,732249.768611
58,85,19,732250.903611
58,85,0,732251.639039
58,85,46,732251.639317
58,85,0,732251.639954
58,85,0,732251.640012
58,85,0,732253.651377
58,85,0,732253.728449
58,85,15,732253.747975
58,85,24,732253.749456
58,85,0,732253.765984
58,85,17,732256.413727
58,85,0,732256.422963
58,85,134,732257.730012
58,85,23,732257.986273
58,85,183,732259.660891
58,85,79,732281.493646
58,85,3,732286.639317
58,85,83,732287.81287
58,85,68,732291.053148
58,85,0,732291.195544
58,85,1,732291.235509
58,85,464,732328.640845
58,85,54,732331.237049
58,85,0,732352.746111
58,85,23,732352.747731
58,85,203,732353.076019
58,85,103,732379.687639
58,85,11,732385.074919
58,85,94,732433.773345
59,36,29,732221.59228
59,36,35,732232.953275
59,36,33,732233.795926
59,36,26,732233.97441
59,36,35,732235.937766
59,36,134,732235.950127
62,39,13,732297.987512
62,39,21,732344.878843
62,39,81,732374.534745
62,39,13,732378.535868
62,39,54,732378.536354
62,39,9,732387.810822
62,39,129,732387.811725
62,64,1,732177.479618
62,64,0,732245.608565
62,64,0,732245.608785
62,64,25,732245.609387
62,64,30,732252.653576
62,64,157,732261.736551
62,64,0,732262.547685
62,64,2,732269.588287
62,64,99,732272.59441
62,64,47,732272.7239
62,64,0,732273.775301
62,64,52,732282.552326
62,64,377,732283.015718
62,64,44,732286.870451
62,64,171,732291.681169
62,64,147,732304.830868
62,64,47,732327.844201
62,64,0,732332.792095
62,64,0,732333.035463
62,64,27,732337.87831
62,64,0,732347.862454
62,64,66,732361.519803
62,64,23,732361.67338
62,64,13,732373.723391
62,64,46,732376.877083
62,65,0,732298.918634
62,69,0,732172.864769
62,69,66,732177.480451
62,69,41,732177.869005
62,69,0,732249.556748
62,69,19,732256.462731
62,69,0,732256.463692
62,69,13,732256.466782
62,69,0,732256.473924
62,69,0,732257.902072
62,69,102,732260.384051
62,69,0,732262.010058
62,69,48,732262.548067
62,69,0,732269.588194
62,69,23,732273.775475
62,69,6,732297.96978
62,69,40,732298.688275
62,69,7,732313.063831
62,69,240,732313.06412
62,69,1404,732319.512222
62,69,6,732324.974051
62,69,0,732333.035521
62,69,199,732333.035833
62,69,286,732333.0511
62,69,119,732334.013472
62,69,143,732338.936111
62,69,44,732343.556782
62,69,106,732343.559711
62,69,34,732343.930231
62,69,0,732347.862338
62,69,32,732350.499282
62,69,84,732351.939572
62,69,0,732352.567477
62,69,0,732358.770787
62,69,20,732382.93125
62,69,80,732382.933333
62,80,93,732284.991007
62,80,44,732293.739815
62,80,30,732297.961007
62,80,63,732298.793704
62,80,339,732300.764757
62,80,92,732310.601921
62,80,80,732318.92522
62,80,81,732324.971701
62,80,240,732340.905139
62,80,40,732371.650428
62,82,0,732168.775
62,82,0,732168.775266
62,82,0,732168.775336
62,82,0,732168.775602
62,82,55,732254.63485
62,82,42,732254.669329
62,82,0,732254.953831
62,82,104,732254.958588
62,82,59,732262.691296
62,82,114,732262.779896
62,82,30,732263.621863
62,82,28,732263.631991
62,82,41,732274.595764
63,48,33,732287.846377
63,48,0,732421.890752
64,44,4,732269.160197
64,60,445,732257.141447
64,60,18,732257.1764
64,60,35,732265.14544
64,60,40,732270.883171
64,60,43,732281.937535
64,60,0,732282.107014
64,60,50,732283.129537
64,60,49,732285.177245
64,60,30,732286.954398
64,60,29,732286.981586
64,60,17,732286.98603
64,60,24,732287.04456
64,60,270,732287.101042
64,60,100,732287.240475
64,60,9,732287.240856
64,62,4,732256.30963
64,62,18,732273.019757
64,62,3,732280.876956
64,62,4,732283.304572
64,69,87,732252.865255
64,69,520,732259.223843
64,69,295,732262.087847
64,69,31,732262.565359
64,69,16,732262.599259
64,69,732,732269.161296
64,69,7,732269.886539
64,69,0,732274.065532
64,69,4,732274.066157
64,69,39,732274.085231
64,69,81,732284.958472
64,69,0,732285.211192
65,65,33,732214.619676
65,65,2,732214.620509
65,65,7,732214.733877
65,65,0,732214.79713
65,65,2,732217.563947
65,65,37,732217.880856
65,65,81,732217.920405
65,65,7,732218.754039
65,65,29,732219.551933
65,65,25,732219.571887
65,65,49,732219.737674
65,65,24,732220.540671
65,65,21,732221.635417
65,65,34,732222.732917
65,65,115,732224.618241
65,65,27,732224.786377
65,65,50,732225.981829
65,65,15,732228.596736
65,65,240,732228.732465
65,65,60,732229.054178
65,65,54,732233.056088
65,65,44,732234.791343
65,65,30,732235.560602
65,65,95,732235.677269
65,65,70,732235.88603
65,65,41,732236.045498
65,65,17,732237.738889
65,65,3,732238.03537
65,65,3,732238.430347
65,65,1,732238.720683
65,65,1,732238.932847
65,65,52,732239.807002
65,65,37,732241.716713
65,65,26,732241.78603
65,65,27,732241.788368
65,65,14,732241.882546
65,65,2,732244.740289
65,65,29,732245.836088
65,65,82,732245.946516
65,65,70,732245.960185
65,65,25,732246.665463
65,65,0,732246.804491
65,65,0,732246.804711
65,65,0,732246.805208
65,65,0,732246.805602
65,65,0,732246.805822
65,65,0,732246.805972
65,65,0,732246.807303
65,65,0,732246.807373
65,65,0,732246.807581
65,65,0,732246.807674
65,65,0,732246.80772
65,65,87,732246.81125
65,65,0,732246.819491
65,65,0,732247.925104
65,65,209,732247.926308
65,65,59,732264.696123
65,65,29,732265.77772
65,65,54,732266.547188
65,65,104,732268.869954
65,65,111,732268.951898
65,65,30,732269.670521
65,65,0,732269.872604
65,65,4,732269.872928
65,65,36,732270.834757
65,65,74,732271.05794
65,65,235,732271.615856
65,65,1,732271.682442
65,65,4,732274.741933
65,65,70,732275.102847
65,65,0,732279.904838
65,65,107,732279.905069
65,65,44,732280.646678
65,65,162,732280.759583
65,65,37,732281.49765
65,65,27,732281.637905
65,65,0,732282.611447
65,65,0,732282.611655
65,65,71,732282.69956
65,65,22,732282.747812
65,65,50,732282.74897
65,65,29,732282.935278
65,65,67,732283.492292
65,65,37,732283.50794
65,65,27,732283.51765
65,72,30,732242.474514
65,72,862,732250.723345
65,72,8,732270.637523
65,72,7,732270.641204
65,72,30,732271.428877
65,72,0,732281.554306
65,72,0,732282.935775
65,72,124,732282.936308
65,72,3,732284.488623
65,80,32,732231.680394
65,80,76,732238.733461
65,80,64,732238.977998
65,80,14,732239.745278
65,80,688,732239.807894
65,80,252,732243.730289
65,80,93,732243.756227
65,80,0,732247.926053
65,80,107,732266.685764
65,80,465,732266.687326
65,80,8,732266.843854
65,80,157,732271.863611
65,80,136,732273.632176
65,80,30,732273.770752
65,80,81,732273.793067
65,80,10,732281.89875
65,80,146,732284.437894
65,80,4,732284.620139
65,80,66,732284.622141
66,21,170,732375.161273
66,21,24,732375.255255
66,21,0,732375.976308
66,21,53,732389.843229
66,33,1,732220.797593
66,33,41,732233.897222
66,66,9,732214.05441
67,67,0,732269.880556
69,39,0,732363.064502
69,39,53,732387.033032
69,39,29,732387.042396
69,39,43,732387.045833
69,39,108,732387.046539
69,62,34,732214.680961
69,62,43,732215.353727
69,62,51,732221.231019
69,62,34,732234.846343
69,62,9,732235.797292
69,62,35,732238.168924
69,62,55,732238.184086
69,62,4,732255.824144
69,62,0,732255.824236
69,62,38,732255.824572
69,62,2,732255.854421
69,62,88,732256.938981
69,62,37,732268.770127
69,62,86,732274.05912
69,62,2,732274.060926
69,62,41,732274.061238
69,62,0,732274.061759
69,62,13,732274.063947
69,62,25,732282.842998
69,62,87,732291.139745
69,62,55,732291.331053
69,62,37,732295.839039
69,62,15,732295.855394
69,62,23,732297.700058
69,62,23,732297.847523
69,62,19,732298.303461
69,62,67,732313.271377
69,62,3,732317.664583
69,62,6,732317.664711
69,62,2,732317.683067
69,62,2,732319.655104
69,62,17,732319.655544
69,62,40,732333.261412
69,62,62,732333.302431
69,62,70,732333.307604
69,62,17,732333.325532
69,62,117,732333.330197
69,62,49,732333.339248
69,62,31,732333.439201
69,62,33,732334.282593
69,62,0,732334.296968
69,62,101,732334.297512
69,62,7,732334.307002
69,62,0,732334.309444
69,62,44,732334.310023
69,62,77,732343.714444
69,62,4,732343.742083
69,62,2,732343.742523
69,62,64,732344.083125
69,62,44,732349.720729
69,62,16,732349.960405
69,62,25,732352.047639
69,62,27,732357.053137
69,62,304,732377.690637
69,62,4,732378.962951
69,62,3,732381.941007
69,62,106,732383.089838
69,62,58,732384.904271
69,62,0,732403.818032
69,62,2,732403.818426
69,62,8,732413.745775
69,62,32,732425.019977
69,62,5,732425.020891
69,62,53,732435.615868
69,64,10,732226.050625
69,64,33,732233.406262
69,64,31,732233.868218
69,64,116,732233.882523
69,64,32,732240.866678
69,64,23,732240.886424
69,64,608,732251.917593
69,64,33,732252.871655
69,64,14,732254.882894
69,64,90,732261.999375
69,64,65,732262.052222
69,64,166,732262.096481
69,64,177,732262.106019
69,64,165,732262.22066
69,64,2,732262.585058
69,64,39,732262.585289
69,64,36,732268.769271
69,64,0,732274.057998
69,64,17,732274.058542
69,64,46,732284.858194
69,64,12,732288.9736
69,64,57,732288.98669
69,64,34,732295.867118
69,64,43,732297.700613
69,64,76,732331.294606
69,64,116,732331.29566
69,64,0,732331.298021
69,64,0,732331.298113
69,64,9,732332.05934
69,64,0,732332.984595
69,64,425,732333.012569
69,64,141,732333.090706
69,64,98,732334.089201
69,64,20,732334.265799
69,64,9,732343.742697
69,64,28,732349.959931
69,64,9,732362.125625
69,64,251,732370.689352
69,64,7,732376.176146
69,64,14,732377.776435
69,64,57,732387.014745
69,64,8,732388.184306
69,64,126,732388.215174
69,64,79,732413.903519
69,80,73,732387.10794
69,84,41,732359.130417
70,5,19,732224.534062
70,5,76,732224.53603
70,5,42,732224.537882
71,2,48,732278.510058
71,2,28,732278.524479
72,39,0,732242.406574
72,39,67,732242.407153
72,39,0,732242.794028
72,39,12,732248.988542
72,39,47,732261.737141
72,54,56,732235.729965
72,60,34,732237.538264
72,65,3,732233.558669
72,65,47,732245.830336
72,65,201,732252.977488
72,65,28,732253.891076
72,65,41,732268.519792
72,65,15,732269.501204
72,65,0,732270.495046
73,38,37,732317.307801
73,39,35,732344.032338
73,60,41,732266.830949
73,73,3,732298.761944
74,74,155,732243.36081
74,74,49,732244.956435
74,74,129,732245.203426
74,74,31,732245.873542
74,74,50,732246.193704
74,74,25,732246.917211
74,74,33,732247.919815
74,74,0,732247.934502
74,74,242,732247.934688
74,74,35,732247.961678
74,74,2,732248.06375
74,74,43,732248.127002
74,74,121,732249.853137
74,74,117,732251.162419
74,74,77,732251.815463
74,74,68,732251.996782
74,74,67,732252.504977
74,74,237,732257.455093
74,74,32,732257.74934
74,74,254,732260.573565
74,74,39,732261.908021
74,74,137,732263.584537
74,74,0,732263.994988
74,74,46,732263.995463
74,74,39,732264.238241
74,74,1,732264.249826
74,74,27,732264.827326
74,74,53,732266.103426
74,74,71,732267.914317
74,74,79,732268.954167
74,74,33,732292.652211
74,74,0,732292.653738
74,74,0,732292.653831
74,74,0,732292.653843
74,74,106,732294.003958
74,74,88,732295.246759
74,74,67,732296.857917
74,74,1,732296.987766
74,74,72,732298.480602
74,74,52,732298.83772
74,74,4,732298.85581
74,74,87,732299.219792
74,74,91,732299.76147
74,74,0,732299.939433
74,74,9,732299.939595
74,74,0,732299.971204
74,74,40,732300.019699
74,74,110,732300.20765
74,74,154,732302.08647
74,74,245,732303.095521
74,74,0,732303.872708
74,74,0,732303.872859
74,74,0,732303.873044
74,74,0,732303.873229
74,74,250,732303.873553
74,74,68,732303.87669
74,74,199,732304.891505
74,74,288,732308.694225
74,74,138,732310.245313
74,74,104,732311.757211
74,74,42,732312.674201
74,74,137,732312.677083
74,74,36,732312.783727
74,74,144,732313.122812
74,74,27,732313.76125
74,74,16,732314.547153
74,74,0,732314.661157
74,74,57,732315.044977
74,74,44,732315.328738
74,74,0,732316.075417
74,74,193,732316.679664
74,74,1,732317.081146
74,74,15,732317.180775
74,74,32,732319.661574
74,74,55,732320.242593
74,74,54,732321.107928
74,74,39,732325.726447
74,74,0,732325.727002
74,74,0,732325.727222
74,74,11,732325.780764
74,74,25,732325.781285
74,74,99,732325.781736
74,74,123,732325.825961
74,74,56,732327.775532
74,74,17,732327.778449
74,74,261,732329.05669
74,74,60,732330.025081
75,75,22,732209.500683
75,75,23,732209.685394
75,75,22,732209.685937
75,75,22,732210.608171
75,75,22,732210.61963
75,75,22,732210.621701
75,75,0,732284.994294
76,76,34,732234.035799
76,76,131,732235.331516
76,76,65,732235.539826
76,76,3,732238.409977
76,76,53,732240.785127
76,76,56,732245.666458
76,76,35,732245.712975
76,76,41,732248.486782
76,76,13,732248.497616
76,76,41,732248.884641
76,76,52,732249.4736
76,76,42,732250.69213
76,76,77,732250.751447
76,76,47,732252.67397
76,76,89,732252.820243
76,76,108,732254.516921
76,76,42,732254.722014
76,76,62,732255.594005
76,76,97,732256.603727
76,76,53,732258.999062
76,76,21,732259.776933
76,76,111,732260.785683
76,76,21,732260.970313
76,76,74,732261.66331
76,76,132,732261.733623
76,76,0,732262.659444
76,76,42,732262.659618
76,76,21,732262.872488
76,76,63,732266.684838
76,76,61,732267.472685
76,76,68,732268.665185
76,76,63,732268.895208
76,76,37,732269.467512
76,76,35,732269.633808
76,76,134,732269.696343
76,76,58,732270.624236
76,76,40,732273.503252
76,76,59,732273.583472
76,76,45,732273.773171
76,76,27,732273.868449
76,76,88,732280.677431
76,76,56,732280.731632
76,76,86,732282.757951
76,76,36,732282.959294
76,76,68,732284.457407
76,76,36,732286.701817
76,76,14,732288.99566
76,76,40,732289.572616
76,76,37,732289.6125
76,76,53,732292.842083
76,76,33,732293.799097
76,76,73,732294.70294
76,76,54,732295.614444
76,76,54,732298.41713
76,76,12,732300.783171
76,76,39,732301.646123
76,76,11,732302.630359
76,76,51,732304.625891
76,76,0,732307.897049
76,76,108,732307.897905
76,76,14,732308.705
76,76,51,732311.686308
76,76,34,732312.461389
76,76,134,732312.496053
76,76,159,732312.529155
76,76,99,732312.793634
76,76,57,732312.913229
76,76,89,732313.407616
76,76,176,732313.701204
76,76,82,732313.742743
76,76,138,732314.809688
76,76,33,732315.508044
76,76,28,732315.627731
76,76,54,732315.651794
76,76,65,732315.827743
76,76,81,732316.721146
76,76,43,732316.743623
76,76,74,732317.638032
76,76,47,732317.719074
76,76,59,732317.749838
76,76,46,732318.29669
76,76,119,732318.582789
76,76,52,732318.740394
76,76,179,732319.34831
76,76,157,732321.896238
76,76,81,732322.40103
76,76,36,732322.421759
76,76,0,732322.617836
76,76,112,732322.630174
76,76,46,732322.73831
76,76,31,732322.782813
76,76,24,732322.785949
76,76,51,732322.97478
76,76,69,732323.507164
76,76,169,732323.521331
76,76,104,732323.908507
76,76,6,732325.674028
76,76,53,732325.674236
76,76,14,732326.947755
76,76,50,732331.454676
76,76,45,732333.4736
76,76,56,732333.793067
76,76,71,732342.54338
76,76,76,732345.731921
76,76,14,732345.887245
76,76,50,732346.658472
76,76,100,732350.875197
76,76,41,732351.580764
76,76,24,732355.538368
76,76,55,732355.680243
76,76,38,732357.726146
76,76,65,732358.812928
76,76,31,732359.729248
76,76,33,732360.640949
76,76,51,732360.709826
76,76,50,732362.422975
76,76,1,732365.389595
76,76,40,732365.633634
76,76,51,732365.732894
76,76,33,732367.496644
76,76,47,732367.575127
76,76,28,732367.586238
76,76,138,732368.631632
76,76,43,732371.364699
76,76,57,732371.728553
76,76,61,732372.653681
76,76,53,732373.826678
76,76,77,732374.995231
76,76,33,732376.427049
76,76,165,732377.81397
76,76,38,732378.973947
76,76,46,732380.792384
76,76,54,732386.631852
76,76,61,732388.477766
76,76,49,732388.478715
76,76,89,732392.552454
76,76,165,732394.45809
76,76,134,732394.697662
76,76,35,732395.949132
76,76,38,732399.731933
77,43,68,732251.602014
77,43,66,732255.478356
77,43,110,732255.547454
78,1,16,732238.194711
78,1,0,732238.195035
78,1,0,732238.941435
78,3,263,732246.516968
78,3,0,732250.983241
78,3,39,732250.984977
78,3,70,732251.064711
78,3,56,732258.492303
80,58,35,732345.007731
80,60,0,732260.170718
80,62,0,732280.973333
80,62,36,732284.981944
80,62,1,732285.006481
80,62,0,732285.127998
80,62,9,732290.758877
80,62,152,732293.054491
80,62,3,732293.90316
80,62,5,732293.942095
80,62,3,732298.227407
80,62,197,732300.902755
80,62,5,732300.930093
80,62,499,732317.925174
80,62,2,732339.980417
80,62,3,732340.853299
80,62,3,732340.952118
80,62,63,732341.692072
80,62,0,732349.923588
80,62,5,732375.842836
80,62,46,732381.713461
80,62,44,732389.057975
80,62,105,732390.007303
80,62,4,732390.138009
80,62,23,732406.571181
80,62,67,732419.974086
80,62,1,732422.899375
80,62,90,732425.148738
80,62,668,732425.864583
80,62,47,732426.126331
80,62,362,732436.133299
80,62,32,732436.769155
80,62,29,732437.627998
80,62,43,732451.030139
80,62,74,732465.881701
80,62,3,732465.945127
80,62,4,732466.008275
80,62,78,732466.051227
80,62,2,732466.948113
80,62,20,732466.973252
80,62,0,732467.701123
80,62,47,732467.702396
80,62,165,732467.980694
80,62,28,732467.991505
80,65,259,732229.885475
80,65,84,732231.852176
80,65,0,732232.813322
80,65,6,732232.813773
80,65,7,732237.899491
80,65,49,732237.940127
80,65,8,732239.660324
80,65,73,732239.715926
80,65,0,732239.937488
80,65,31,732239.939167
80,65,63,732244.628102
80,65,9,732246.93022
80,65,37,732248.091343
80,65,0,732248.098113
80,65,106,732262.652731
80,65,89,732265.8775
80,65,6,732271.008275
80,65,7,732271.034919
80,65,29,732279.917882
80,65,24,732282.20588
80,65,97,732284.590671
80,65,51,732284.867836
80,65,6,732290.958692
80,65,6,732296.82463
80,65,6,732296.836285
80,65,7,732296.949456
80,65,266,732299.736782
80,65,49,732328.842604
80,65,528,732329.147975
80,65,61,732334.691516
80,65,128,732341.087442
80,65,8,732341.985926
80,65,230,732343.859942
80,65,45,732347.050278
80,65,0,732348.893299
80,65,0,732349.742894
80,65,17,732349.743241
80,65,0,732351.104618
80,65,0,732351.104757
80,65,0,732351.105012
80,65,0,732351.106944
80,65,9,732372.884838
80,65,37,732372.93684
80,65,356,732373.12787
80,65,6,732377.796933
80,65,8,732377.921921
80,65,94,732389.114502
80,65,7,732398.69728
80,65,7,732398.928449
80,65,0,732402.814653
80,65,59,732402.826632
80,65,34,732410.969711
80,65,0,732411.073137
80,65,32,732417.99485
80,65,0,732418.064387
80,65,16,732418.085116
80,65,12,732418.122894
80,65,36,732419.636771
80,65,244,732419.976632
80,65,106,732420.661655
80,65,85,732420.674039
80,65,1,732430.925266
80,65,32,732436.117951
80,65,28,732437.925683
80,65,0,732442.631262
80,65,19,732442.937662
80,65,1,732445.115822
80,65,0,732449.67772
80,65,0,732449.679919
80,65,1,732465.937523
80,65,41,732465.94419
80,65,93,732474.828785
80,65,40,732474.911424
80,68,48,732390.014479
80,69,64,732387.104572
80,69,4,732389.060312
80,69,1,732390.016354
80,69,0,732390.138773
80,69,0,732431.126481
80,69,30,732431.13735
81,1,92,732388.83963
81,1,33,732415.128623
81,89,142,732363.342025
81,89,90,732363.867708
81,89,160,732363.879525
81,89,58,732376.852917
83,2,80,732304.144039
83,52,19,732252.880012
83,52,0,732252.90522
83,52,10,732253.984965
83,52,360,732254.625671
83,52,70,732254.630995
83,52,6,732254.6325
83,52,28,732254.633692
83,52,72,732254.643657
83,52,3,732254.666644
83,52,19,732254.726771
83,52,19,732256.590185
83,52,18,732256.590729
83,52,57,732256.806759
83,52,95,732256.823113
83,52,18,732258.705197
83,52,767,732262.820625
83,52,7,732267.738137
83,52,2,732267.7386
83,52,4,732267.739132
83,52,0,732267.751354
83,52,2,732267.751574
83,52,6,732268.607535
83,52,143,732269.528634
83,52,83,732271.910949
83,52,39,732272.724097
83,52,138,732272.743692
83,52,242,732272.760336
83,52,17,732272.79875
83,52,81,732274.61691
83,52,6,732274.78838
83,52,68,732275.602211
83,52,2,732275.687731
83,52,54,732275.689468
83,52,45,732277.714063
83,52,109,732277.739734
83,52,116,732277.825035
83,52,33,732277.955613
83,52,254,732278.602118
83,52,92,732278.64985
83,52,7,732280.625278
83,52,28,732280.754919
83,52,48,732281.808796
83,52,3,732281.968484
83,52,391,732282.661736
83,52,18,732283.696678
83,52,83,732284.482616
83,52,99,732285.748773
83,52,51,732285.754988
83,52,138,732285.789144
83,52,143,732286.440926
83,52,7,732288.470035
83,52,0,732288.470498
83,52,61,732288.470671
83,52,0,732289.979387
83,52,0,732290.911076
83,52,2,732290.9114
83,52,31,732291.305741
83,52,69,732292.110463
83,52,52,732294.015764
83,52,0,732297.926829
83,52,47,732300.245127
83,52,0,732303.066389
83,52,13,732303.067072
83,52,49,732326.05787
83,52,8,732328.191863
83,52,265,732329.037697
83,52,55,732330.099132
83,52,215,732330.220729
83,52,12,732331.855012
83,52,69,732334.649873
83,52,223,732334.816053
83,52,24,732334.850741
83,52,8,732334.860602
83,52,135,732338.172512
83,52,2,732339.831609
83,52,27,732340.009421
84,35,14,732213.78831
84,37,20,732219.569398
84,37,0,732221.755914
84,37,9,732224.602118
84,37,148,732224.950822
84,37,34,732226.780127
84,37,108,732226.825069
84,37,0,732227.541088
84,37,60,732227.541586
84,37,107,732227.632257
84,37,26,732227.733368
84,37,30,732227.738866
84,37,42,732232.544479
84,45,28,732214.621296
84,45,7,732216.768137
84,45,77,732216.768472
84,45,13,732232.485081
84,45,12,732232.543345
84,45,16,732232.614329
84,45,79,732235.667211
84,45,9,732240.688252
84,45,38,732240.688924
84,45,0,732240.690012
84,45,97,732242.401539
84,45,10,732254.78912
84,45,37,732259.491238
84,45,31,732260.539236
84,45,2,732267.622604
84,58,27,732244.602766
84,58,46,732255.491921
84,58,23,732287.821609
84,58,14,732287.839479
84,85,3,732217.572245
84,85,53,732222.699525
84,85,36,732222.710058
84,85,4,732224.615914
84,85,2,732232.512917
84,85,110,732242.517778
84,85,18,732247.498275
84,85,38,732248.660845
84,85,18,732255.623819
84,85,3,732257.505394
84,85,27,732260.882882
84,85,6,732269.626875
84,85,0,732269.634861
84,85,101,732272.847269
84,85,0,732273.871065
84,85,3,732273.871493
84,85,2,732273.890208
84,85,29,732274.746458
84,85,0,732282.758762
84,85,2,732282.768021
84,85,313,732282.790417
84,85,38,732283.66287
86,66,30,732217.929306
86,66,54,732233.63044
86,66,29,732235.489178
86,66,35,732237.722315
86,66,50,732240.833391
87,47,0,732029.601979
87,47,0,732029.602199
87,58,30,732029.657998
87,58,4,732029.658287
88,77,0,732201.324468
88,77,86,732202.190174
88,77,16,732223.247766
88,77,2,732223.267755
88,77,3,732244.179329
88,77,30,732244.186667
88,77,3,732244.27963
88,77,23,732251.284468
88,78,151,732284.122338
89,1,59,732252.985255
89,1,92,732388.83963
89,1,33,732415.128623
89,89,0,732153.834919
89,89,0,732226.305625
89,89,142,732363.342025
89,89,90,732363.867708
89,89,160,732363.879525
89,89,58,732376.852917
89,90,0,732198.650023
89,90,11,732198.652141
89,90,184,732296.965532
92,2,35,732247.033275
92,19,36,732248.157917
92,19,10,732249.926632
